qid,name,type,country,lat,lng,website,sitelinks
Q613676,Moscow Zoo,zoo,RU,55.7619,37.5772,http://www.moscowzoo.ru/,40
Q2452280,Baku Zoo,zoo,AZ,40.393,49.849,,35
Q15503298,Pombia Safari Park,zoo,IT,45.65,8.6333,https://www.safaripark.it/,35
Q220083,Beijing Zoo,zoo,CN,39.9386,116.3333,http://www.beijingzoo.com,30
Q3090513,Jardin d'Acclimatation,zoo,FR,48.8775,2.2631,https://www.jardindacclimatation.fr,28
Q162722,Ueno Zoo,zoo,JP,35.7175,139.7714,https://www.tokyo-zoo.net/zoo/ueno/,26
Q3108672,Yerevan Zoo,zoo,AM,40.196,44.5505,https://zoo.am,25
Q965731,California Academy of Sciences,aquarium,US,37.77,-122.4664,https://www.calacademy.org,25
Q1547682,Jurong Bird Park,zoo,SG,1.321,103.707,,24
Q2459274,Kyiv Zoo,zoo,UA,50.4555,30.4647,https://zoo.kyiv.ua,23
Q1200948,Aquarium Barcelona,aquarium,ES,41.3767,2.1842,http://www.aquariumbcn.com,21
Q1445750,Okinawa Churaumi Aquarium,aquarium,JP,26.6944,127.8779,https://churaumi.okinawa/,21
Q1149264,Leningrad Zoo,zoo,RU,59.9535,30.3085,http://www.spbzoo.ru/,21
Q1585312,Harewood House,zoo,GB,53.8969,-1.5273,https://harewood.org/,20
Q1191885,Osaka Aquarium Kaiyukan,aquarium,JP,34.6545,135.4289,https://www.kaiyukan.com/language/thai/,20
Q1049423,Castle Clinton,aquarium,US,40.7036,-74.0167,,20
Q5302436,Jigokudani Monkey Park,zoo,JP,36.7328,138.4627,https://jigokudani-yaenkoen.co.jp/,19
Q290283,Karagandy Zoo,zoo,KZ,49.7867,73.0602,,19
Q2660049,Kuala Lumpur Bird Park,zoo,MY,3.1424,101.6885,https://www.klbirdpark.com/,19
Q525190,Ozeaneum,aquarium,DE,54.3156,13.0969,https://www.ozeaneum.de/,18
Q1064760,Six Flags Great Adventure,zoo,US,40.1375,-74.44,https://www.sixflags.com/greatadventure,18
Q4453139,Tbilisi Zoo,zoo,GE,41.713,44.777,http://www.zoo.ge/index.php?lang=eng,17
Q2713110,Ragunan Zoo,zoo,ID,-6.3116,106.8199,https://ragunanzoo.jakarta.go.id/,17
Q708915,Korea Central Zoo,zoo,KP,39.075,125.815,http://www.kza.org.kp/,17
Q29168,Aquaria KLCC,aquarium,MY,3.1534,101.7131,http://www.aquariaklcc.com/,17
Q1193386,Kaliningrad Zoo,zoo,RU,54.7204,20.4874,http://kldzoo.ru/,17
Q833625,Kabul Zoo,zoo,AF,34.5094,69.1553,,16
Q625610,Belgrade Zoo,zoo,RS,44.8258,20.4533,http://www.beozoovrt.rs/,16
Q4398499,Rostov Zoo,zoo,RU,47.2526,39.671,http://zoopark-rostov.ru,16
Q591131,Taipei Zoo,zoo,TW,25.0026,121.582,https://www.zoo.gov.taipei,16
Q2376115,Minsk Zoo,zoo,BY,53.8506,27.6347,http://minskzoo.by/,15
Q3133681,Skopje Zoo,zoo,MK,42.0071,21.4169,https://www.zooskopje.com.mk/,15
Q1142942,National Zoo of Malaysia,zoo,MY,3.2097,101.7578,http://www.zoonegaramalaysia.my,15
Q1267646,Dusit Zoo,zoo,TH,13.7725,100.5164,,15
Q1974519,Odesa Zoo,zoo,UA,46.4675,30.7317,,15
Q3182046,Shanghai Zoo,zoo,CN,31.1955,121.3588,,14
Q220221,Stazione Zoologica Anton Dohrn,zoo,IT,40.8327,14.2358,http://www.szn.it/index.php/it/,14
Q1139958,National Zoological Garden of South Africa,zoo,ZA,-25.7383,28.1892,https://www.pretoriazoo.org/,14
Q3350326,Bangladesh National Zoo,zoo,BD,23.8127,90.3446,http://www.dhakazoo.org/,13
Q1067861,Chengdu Research Base of Giant Panda Breeding,zoo,CN,30.7386,104.1419,https://www.panda.org.cn/,13
Q2509245,Giza Zoo,zoo,EG,30.0245,31.2139,http://www.gizazoo-eg.com/,13
Q1189553,Bristol Zoo,zoo,GB,51.4633,-2.6222,http://www.bristolzoo.org.uk,13
Q4325472,Novosibirsk Zoo,zoo,RU,55.0566,82.8879,http://www.zoonovosib.ru/,13
Q3034913,Chiang Mai Zoo,zoo,TH,18.809,98.947,http://www.chiangmaizoo.com/,13
Q3113018,Miami Seaquarium,aquarium,US,25.733,-80.1655,https://miamiseaquarium.com/,13
Q3162430,Saigon Zoo and Botanical Gardens,zoo,VN,10.7881,106.7047,,13
Q31833,Aquarium of Rhodes,aquarium,GR,36.4571,28.2207,http://rhodes-aquarium.hcmr.gr/,12
Q2349688,Baghdad Zoo,zoo,IQ,33.3148,44.3764,http://www.baghdadzoo.org,12
Q993926,Asahiyama Zoo,zoo,JP,43.7681,142.4798,https://www.city.asahikawa.hokkaido.jp/asahiyamazoo/,12
Q1779978,Polar Park,zoo,NO,68.6917,18.1098,https://polarpark.no/,12
Q1783786,Two Oceans Aquarium,aquarium,ZA,-33.9081,18.4177,https://www.aquarium.co.za/,12
Q3244627,Adelaide Zoo,zoo,AU,-34.9141,138.6058,http://www.adelaidezoo.com.au/,11
Q31529,Cretaquarium,aquarium,GR,35.3327,25.2825,http://www.cretaquarium.gr,11
Q1557640,Guyana Zoo,zoo,GY,6.806,-58.1463,,11
Q2343219,Ramat Gan Safari,zoo,IL,32.045,34.825,http://www.safari.co.il/,11
Q1413736,Tama Zoological Park,zoo,JP,35.651,139.402,https://www.tokyo-zoo.net/zoo/tama/,11
Q1054648,Tennōji Zoo,zoo,JP,34.6526,135.508,https://www.tennojizoo.jp/,11
Q2672104,Pinnawala Elephant Orphanage,zoo,LK,7.3006,80.3883,http://nationalzoo.gov.lk/elephantorphanage/,11
Q1136334,Yangon Zoological Gardens,zoo,MM,16.7917,96.1594,,11
Q4802284,Melaka Zoo and Bird Park,zoo,MY,2.2778,102.3017,,11
Q28888,Polaria,aquarium,NO,69.6437,18.9499,http://www.polaria.no/,11
Q220043,Kathmandu Zoo,zoo,NP,27.6732,85.3109,https://ntnc.org.np/project/central-zoo,11
Q927893,Zoo Băneasa,zoo,RO,44.5174,26.1039,http://www.zoobucuresti.com/,11
Q21641834,Moskvarium,aquarium,RU,55.8331,37.6186,http://www.moskvarium.ru/,11
Q5310637,Dubai Zoo,zoo,AE,25.2224,55.2566,,10
Q134617498,Buenos Aires Zoo,zoo,AR,-34.581,-58.42,,10
Q3328425,Museu Paraense Emílio Goeldi,aquarium,BR,-1.4525,-48.4764,https://www.gov.br/museugoeldi/pt-br/,10
Q220207,Hong Kong Zoological and Botanical Gardens,zoo,CN,22.2778,114.1564,https://www.hkzbg.gov.hk/,10
Q16258099,Zhuhai Chimelong Ocean Kingdom,aquarium,CN,22.1001,113.53,http://zh.chimelong.com/oceankingdom/,10
Q869894,Lüneburg Heath Wildlife Park,zoo,DE,53.2367,10.0443,https://wild-park.de/,10
Q2392126,Alexandria Zoo,zoo,EG,31.205,29.9444,,10
Q910282,Palmitos Park,aquarium,ES,27.8353,-15.6161,https://www.palmitospark.es/,10
Q4250220,Surabaya Zoo,zoo,ID,-7.2958,112.7361,https://www.surabayazoo.co.id/,10
Q1058886,Carmel Hai-Bar Nature Reserve,zoo,IL,32.7499,34.9996,http://www.parks.org.il/parks/ParksAndReserves/Hai%20Bar%20Carmel/Pages/default.aspx,10
Q3495905,Padmaja Naidu Himalayan Zoological Park,zoo,IN,27.0586,88.2544,http://pnhzp.gov.in,10
Q861318,Nogeyama Zoo,zoo,JP,35.4466,139.6229,https://www.hama-midorinokyokai.or.jp/zoo/nogeyama/,10
Q1073067,Toba Aquarium,aquarium,JP,34.4817,136.846,https://aquarium.co.jp/,10
Q485236,COEX Aquarium,aquarium,KR,37.5126,127.0588,http://www.coexaqua.com,10
Q5071705,Changa Manga,zoo,PK,31.0833,73.9667,,10
Q5528980,Gaza Zoo,zoo,PS,31.4803,34.4454,,10
Q2033070,Safari World,zoo,TH,13.865,100.7028,http://www.safariworld.com/,10
Q1867975,Butterfly World,zoo,US,26.2684,-80.1713,http://www.butterflyworld.com/,10
Q2891869,Waikiki Aquarium,aquarium,US,21.2659,-157.822,http://www.waikikiaquarium.org/,10
Q3657749,Varna Aquarium,aquarium,BG,43.2014,27.9225,http://www.aquariumvarna.com,9
Q7680645,Taman Safari Indonesia,zoo,ID,-6.7167,106.95,https://tamansafari.com/,9
Q3346440,Alipore Zoological Gardens,zoo,IN,22.5359,88.3321,http://www.kolkatazoo.in/,9
Q3523523,Mysore Zoo,zoo,IN,12.3008,76.6677,http://www.mysorezoo.info,9
Q3364809,National Zoological Park Delhi,zoo,IN,28.6044,77.2462,http://www.nzpnewdelhi.gov.in/,9
Q3295344,Higashiyama Zoo and Botanical Gardens,zoo,JP,35.1583,136.9778,https://www.higashiyama.city.nagoya.jp/,9
Q28496300,Rabat Zoo,zoo,MA,33.9555,-6.8943,http://rabatzoo.ma/,9
Q7849674,Botanical and Zoological Garden of Tsimbazaza,zoo,MG,-18.93,47.5261,http://pbzt.recherches.gov.mg,9
Q3375717,Chapultepec Zoo,zoo,MX,19.4239,-99.1892,https://www.chapultepec.org.mx/actividad/alfonso-herrera-chapultepec-zoo/?lang=en,9
Q3570845,Xcaret,zoo,MX,20.5781,-87.1192,http://www.xcaret.com/,9
Q28980,Manila Ocean Park,zoo,PH,14.5793,120.9725,http://www.manilaoceanpark.com,9
Q9097825,Islamabad Zoo,zoo,PK,33.7343,73.0591,,9
Q7569286,Karachi Zoo,zoo,PK,24.8762,67.0232,http://www.karachizoo.pk,9
Q2034194,Kazan Zoo & Botanical Garden,zoo,RU,55.7658,49.1344,,9
Q5359345,Elephant Nature Park,zoo,TH,19.2141,98.8584,http://www.elephantnaturepark.org,9
Q697507,National Museum of Marine Biology and Aquarium,aquarium,TW,22.0465,120.6977,http://www.nmmba.gov.tw/english/index.aspx,9
Q847845,Alaska Zoo,zoo,US,61.1248,-149.792,http://www.alaskazoo.org,9
Q5493235,Johannesburg Zoo,zoo,ZA,-26.1664,28.0382,https://www.jhbcityparksandzoo.com/services-facilities/zoo/about,9
Q3302134,Tirana Zoo,zoo,AL,41.3078,19.8094,http://www.visit-tirana.com/things-to-do/nature/83/tirana-zoo,8
Q3364798,São Paulo Zoo,zoo,BR,-23.6509,-46.6205,https://www.zoologico.com.br/,8
Q3918688,Grodno Zoo,zoo,BY,53.6887,23.8487,http://www.grodnozoo.by,8
Q260740,Belize Zoo,zoo,BZ,17.3536,-88.5497,http://www.belizezoo.org,8
Q1656431,Palma Aquarium,aquarium,ES,39.5323,2.7283,http://entradas.palmaaquarium.com,8
Q2336198,Zoolandia,zoo,FI,60.5671,22.4343,https://www.zoolandia.fi/,8
Q16744229,Bali Bird Park,zoo,ID,-8.6,115.251,http://www.bali-bird-park.com,8
Q3276955,Assam State Zoo cum Botanical Garden,zoo,IN,26.1632,91.7868,http://www.cza.nic.in/,8
Q647766,Jijamata Udyaan,zoo,IN,18.9781,72.8367,,8
Q3493970,Nehru Zoological Park,zoo,IN,17.3511,78.4497,http://www.hyderabadzoo.in,8
Q2723997,Rajiv Gandhi Zoological Park,zoo,IN,18.4529,73.8612,http://www.punezoo.gov.in,8
Q3604681,Civic Aquarium of Milan,aquarium,IT,45.474,9.1807,https://www.acquariodimilano.it/,8
Q15229013,Iwatayama Monkey Park,zoo,JP,35.0089,135.6747,http://www.monkeypark.jp/,8
Q6452176,Kyoto City Zoo,zoo,JP,35.0129,135.786,https://www5.city.kyoto.jp/zoo/,8
Q11564667,Lake Biwa Museum,aquarium,JP,35.0741,135.9349,https://www.biwahaku.jp/english/,8
Q7231211,Port of Nagoya Public Aquarium,aquarium,JP,35.0906,136.8782,https://nagoyaaqua.jp/,8
Q4925165,Tokyo Sea Life Park,aquarium,JP,35.6401,139.8622,https://www.tokyo-zoo.net/zoo/kasai/,8
Q863153,Yokohama Hakkeijima Sea Paradise,aquarium,JP,35.3374,139.6473,https://www.seaparadise.co.jp/,8
Q158859,Bitola Zoo,zoo,MK,41.0146,21.3415,http://www.zoobitola.mk/,8
Q862533,Naypyidaw Zoological Gardens,zoo,MM,19.8639,96.2558,,8
Q8046515,Yadanabon Zoological Gardens,zoo,MM,22.006,96.1,,8
Q97126855,Malta National Aquarium,aquarium,MT,35.9583,14.4228,https://www.aquarium.com.mt/,8
Q28219616,Johor Zoo,zoo,MY,1.4575,103.7523,https://zootiket.johor.gov.my/,8
Q8074067,Taiping Zoo,zoo,MY,4.8539,100.733,http://www.zootaiping.gov.my/,8
Q2307982,Manila Zoological and Botanical Garden,zoo,PH,14.5647,120.9886,,8
Q2891853,Qalqilya Zoo,zoo,PS,32.1954,34.9708,http://qnzoo.ps/,8
Q716788,Palić Zoo,zoo,RS,46.099,19.7498,http://www.zoopalic.co.rs,8
Q3077125,ZOO Stropkov,zoo,SK,49.2047,21.6514,http://www.zoostropkov.sk,8
Q3576017,Khao Kheow Open Zoo,zoo,TH,13.2165,101.0564,http://www.kkopenzoo.com/,8
Q3229621,Leofoo Village Theme Park,zoo,TW,24.8211,121.1817,http://www.leofoo.com.tw/village/,8
Q4496313,Kharkiv Zoo,zoo,UA,50.0028,36.225,https://zoo.kharkiv.ua,8
Q1894779,Parque das Aves,zoo,BR,-25.614,-54.4826,http://www.parquedasaves.com.br,7
Q6356988,Mvog-Betsi Zoo,zoo,CM,3.8647,11.4875,,7
Q3959995,Siberian Tiger Park,zoo,CN,45.8133,126.5964,http://www.dongbeihulinyuan.com/,7
Q1395827,Tierpark Cottbus,zoo,DE,51.7444,14.3531,http://www.tierparkcottbus.de,7
Q3398288,Aquarium Finisterrae,aquarium,ES,43.384,-8.4098,https://www.coruna.gal/mc2/gl/aquarium-finisterrae,7
Q5408775,Mundomar,aquarium,ES,38.5407,-0.0934,http://www.mundomar.es/?lang=en,7
Q3363889,Parc Phœnix,zoo,FR,43.6681,7.2156,https://www.parc-phoenix.org/,7
Q4854746,Bandung Zoo,zoo,ID,-6.8903,107.6069,,7
Q30321431,Israel aquarium,aquarium,IL,31.7447,35.1666,https://www.israel-aquarium.org.il/english,7
Q4941423,Bondla Wildlife Sanctuary,zoo,IN,15.4268,74.1136,,7
Q6025038,Indira Gandhi Zoological Park,zoo,IN,17.7691,83.35,,7
Q2275145,Nandankanan Zoological Park,zoo,IN,20.4,85.8147,http://www.nandankanan.org/,7
Q302897,Hirakata Park,zoo,JP,34.8058,135.6381,https://www.hirakatapark.co.jp/,7
Q11380531,Izu Shaboten Zoo,zoo,JP,34.9072,139.101,https://izushaboten.com/lang/index_simplified.html,7
Q553044,Kamogawa Sea World,aquarium,JP,35.1161,140.1206,https://www.kamogawa-seaworld.jp/,7
Q11375621,Kyoto Aquarium,aquarium,JP,34.9876,135.7476,https://www.kyoto-aquarium.com/,7
Q11454001,Miyagi Zao Fox Village,zoo,JP,38.041,140.5303,http://zao-fox-village.com/,7
Q11432633,Oita Marine Palace Aquarium,aquarium,JP,33.2588,131.5356,https://www.umitamago.jp/index-tc/,7
Q3576063,Zoorasia,zoo,JP,35.4953,139.5238,https://www.hama-midorinokyokai.or.jp/zoo/zoorasia/,7
Q1046034,Shymkent Zoo,zoo,KZ,42.3785,69.6242,,7
Q1144452,National Zoological Gardens of Sri Lanka,zoo,LK,6.8568,79.8729,http://www.colombozoo.gov.lk,7
Q4222665,Chișinău Zoo,zoo,MD,46.9743,28.8671,,7
Q6440990,Kuala Lumpur Butterfly Park,zoo,MY,3.1457,101.689,http://klbutterflypark.com/,7
Q3695337,Lahore Zoo,zoo,PK,31.5561,74.3258,http://www.lahorezoo.com.pk/,7
Q3082977,Marine Life Park,zoo,SG,1.2587,103.8186,http://www.rwsentosa.com/language/en-US/Attractions/MarineLifePark,7
Q546844,Bangkok Aquarium,aquarium,TH,13.8426,100.5756,http://www.fisheries.go.th/fisheries/aq/webplace1.php?hidAQCode=00000001,7
Q13022377,Pata Zoo,zoo,TH,13.7713,100.484,,7
Q5316871,Dushanbe Zoo,zoo,TJ,38.585,68.7719,,7
Q3087852,Friguia Park,zoo,TN,36.2031,10.4233,,7
Q3364339,Parc du Belvédère,zoo,TN,36.8225,10.1733,,7
Q2928695,Busch Gardens Williamsburg,zoo,US,37.2347,-76.6444,https://buschgardens.com/williamsburg/,7
Q2001885,Six Flags Discovery Kingdom,zoo,US,38.1378,-122.23,https://www.sixflags.com/discoverykingdom,7
Q4167605,Tashkent Zoo,zoo,UZ,41.3403,69.3108,http://tashkentzoo.uz/,7
Q7139676,Parque Zoológico Caricuao,zoo,VE,10.4307,-66.9677,http://www.minec.gob.ve/el-parque-recreacional-zoologico-de-caricuao-arriba-a-42-anos/,7
Q944021,Thủ Lệ Park,zoo,VN,21.0303,105.8075,http://www.hanoizoo.com/vuonthuhanoi/2009/vn/#,7
Q4916093,Birds of Eden,zoo,ZA,-33.963,23.4835,http://www.birdsofeden.co.za,7
Q4059427,Dubai Aquarium and Underwater Zoo,aquarium,AE,25.1976,55.2784,https://www.thedubaiaquarium.com/,6
Q9047113,Mar del Plata Museum of the Sea,aquarium,AR,-37.9734,-57.5455,https://gba.gob.ar/museo_mar,6
Q6935857,Mundo Marino,aquarium,AR,-36.3401,-56.747,https://www.mundomarino.com.ar/,6
Q1246454,Schmetterlinghaus,zoo,AT,48.2053,16.3667,https://www.schmetterlinghaus.at/,6
Q2836667,Alice Springs Reptile Centre,zoo,AU,-23.7,133.87,http://www.reptilecentre.com.au,6
Q4823915,Australian Butterfly Sanctuary,zoo,AU,-16.8205,145.633,http://www.australianbutterflies.com,6
Q6424208,Koala Park Sanctuary,zoo,AU,-33.7419,151.045,https://koalapark-sanctuary.com.au/,6
Q6898210,Monarto Zoo,zoo,AU,-35.0994,139.1528,https://www.monartozoo.com.au/,6
Q6593348,Pionirska dolina,zoo,BA,43.8776,18.4118,,6
Q2677140,Boudewijn Seapark,aquarium,BE,51.1833,3.2122,http://www.boudewijnseapark.be/fr/,6
Q20498601,Dobrich Zoo,zoo,BG,43.5592,27.8439,,6
Q1535754,Municipal Zoological Park Quinzinho de Barros,zoo,BR,-23.5058,-47.4381,https://www.sorocaba.sp.gov.br/zoologico/,6
Q10563866,Chongqing Zoo,zoo,CN,29.503,106.506,http://www.cqzoo.com/,6
Q11102420,Hangzhou Zoo,zoo,CN,30.2137,120.1337,,6
Q19851614,Shanghai Haichang Ocean Park,aquarium,CN,30.9154,121.9024,http://www.shhcoceanpark.com,6
Q2859205,Shanghai Ocean Aquarium,aquarium,CN,31.2426,121.4972,http://www.sh-soa.com,6
Q6140007,Shanghai Wild Animal Park,zoo,CN,31.049,121.709,http://en.shwzoo.com/,6
Q4467974,Tianjin Zoo,zoo,CN,39.0813,117.16,http://www.tjzoo.com.cn,6
Q6063251,Parque Zoológico Nacional Simón Bolívar,zoo,CR,9.9389,-84.0725,https://www.fundazoo.org/parque-zool%C3%B3gico-y-jard%C3%ADn-bot%C3%A1nico-nacional-sim%C3%B3n-bol%C3%ADvar,6
Q1302893,Eifelpark,zoo,DE,49.9628,6.6175,https://www.eifelpark.com/,6
Q202120,Luisenpark,zoo,DE,49.4827,8.4974,https://www.luisenpark.de/,6
Q884968,Wisentgehege Springe,zoo,DE,52.1887,9.6044,http://www.wisentgehege-springe.de/,6
Q3072129,Skandinavisk Dyrepark,zoo,DK,56.3445,10.654,https://skandinaviskdyrepark.dk/,6
Q933612,VigoNature,zoo,ES,42.2484,-8.6755,https://vigonature.es/,6
Q647587,Arignar Anna Zoological Park,zoo,IN,12.885,80.0953,http://www.aazoopark.in/,6
Q24945533,Maitri Baagh Zoo,zoo,IN,21.1697,81.3538,,6
Q2774335,Sakkarbaug Zoological Garden,zoo,IN,21.542,70.465,,6
Q7586332,Sri Venkateswara Zoological Park,zoo,IN,13.6249,79.3646,,6
Q31509,Taraporewala Aquarium,aquarium,IN,18.9493,72.8201,,6
Q7785508,Thiruvananthapuram Zoo,zoo,IN,8.5117,76.955,https://www.museumandzoo.kerala.gov.in/,6
Q1422518,Reykjavík Park and Zoo,zoo,IS,64.1383,-21.8708,,6
Q2587322,Adventure World,aquarium,JP,33.6677,135.3758,https://www.aws-s.com/en/,6
Q5507695,Fukuoka Municipal Zoo and Botanical Garden,zoo,JP,33.5723,130.3902,https://zoo.city.fukuoka.lg.jp/,6
Q81821,Hiroshima City Asa Zoological Park,zoo,JP,34.4979,132.4407,http://www.asazoo.jp/en/,6
Q11259022,Kagoshima City Aquarium,aquarium,JP,31.596,130.5644,http://ioworld.jp,6
Q6424313,Kobe Animal Kingdom,zoo,JP,34.6542,135.2231,https://www.kobe-oukoku.com/,6
Q11590062,Kobe Oji Zoo,zoo,JP,34.71,135.2144,http://www.kobe-ojizoo.jp/,6
Q8134074,Sumida Aquarium,aquarium,JP,35.7099,139.8099,https://www.sumida-aquarium.com/,6
Q11669751,Takasakiyama Natural Zoological Garden,zoo,JP,33.252,131.5241,https://www.takasakiyama.jp/kr/,6
Q5564103,Giraffe Centre,zoo,KE,-1.3745,36.7423,http://www.giraffecenter.org,6
Q486310,Busan Aquarium,aquarium,KR,35.1593,129.161,https://www.visitsealife.com/busan/en/,6
Q11705490,Kuwait Zoo,zoo,KW,29.3002,47.9624,,6
Q4119881,Benghazi Zoo,zoo,LY,32.0825,20.0956,,6
Q28863,National Marine Aquarium of Namibia,aquarium,NA,-22.6847,14.5228,,6
Q4828854,Avilon Zoo,zoo,PH,14.7447,121.1517,http://www.avilonzoo.ph/,6
Q623152,Gdynia Aquarium,aquarium,PL,54.5184,18.5574,http://www.akwarium.gdynia.pl/,6
Q66459086,Baltic Sea Science Center,aquarium,SE,59.3246,18.1045,http://skansen.se,6
Q1033037,Orsa Grönklitt,zoo,SE,61.2075,14.5403,http://www.orsagronklitt.se/,6
Q2125883,"Underwater World, Singapore",aquarium,SG,1.2586,103.8112,http://www.underwaterworld.com.sg/,6
Q922908,Paramaribo Zoo,zoo,SR,5.8473,-55.1597,,6
Q4036104,Chiang Mai Night Safari,zoo,TH,18.7422,98.9172,http://www.chiangmainightsafari.com,6
Q6636970,Sea Life Bangkok Ocean World,aquarium,TH,13.7458,100.5353,http://www.siamoceanworld.co.th,6
Q4923810,Sriracha Tiger Zoo,zoo,TH,13.1492,101.0125,http://www.tigerzoo.com/,6
Q10698900,Cherkasy Zoo,zoo,UA,49.4156,32.0222,http://zoocity.ck.ua/,6
Q4331441,Dolphinarium in Odesa,aquarium,UA,46.4771,30.7653,http://www.nemo.od.ua/,6
Q12149655,Rivne Zoo,zoo,UA,50.6094,26.3328,http://zoopark.rv.ua/,6
Q5351804,El Paso Zoo,zoo,US,31.7684,-106.443,http://www.elpasozoo.org,6
Q2897205,Jungle Island,zoo,US,25.7861,-80.1742,https://www.jungleisland.com/,6
Q6824686,Metro Richmond Zoo,zoo,US,37.3818,-77.7674,http://www.metrorichmondzoo.com,6
Q7439936,Sea Life Park Hawaii,aquarium,US,21.3145,-157.664,http://www.sealifeparkhawaii.com/,6
Q110471376,Dubai Butterfly Garden,zoo,AE,25.0618,55.2465,https://www.dubaibutterflygarden.com,5
Q2116901,Dubai Dolphinarium,zoo,AE,25.2346,55.3267,http://www.dubaidolphinarium.ae,5
Q220023,Buenos Aires Eco-Park,zoo,AR,-34.581,-58.42,https://www.buenosaires.gob.ar/ecoparque,5
Q11705491,Mendoza Zoological Park,zoo,AR,-32.8846,-68.8891,http://www.zoo.mendoza.gov.ar/,5
Q50822227,Cairns Aquarium,aquarium,AU,-16.9186,145.7736,http://www.cairnsaquarium.com.au,5
Q5017723,Cairns Tropical Zoo,zoo,AU,-16.7581,145.663,http://www.cairnstropicalzoo.com.au,5
Q4236423,Cohunu Koala Park,zoo,AU,-32.2303,116.0142,,5
Q2386465,Gorge Wildlife Park,zoo,AU,-34.8419,138.8143,https://gorgewildlifepark.com.au/,5
Q18987429,Chittagong Zoo,zoo,BD,22.3666,91.7962,,5
Q5313401,Dulhazra Safari Park,zoo,BD,21.67,92.09,,5
Q1825496,Olmen Zoo,zoo,BE,51.1276,5.1468,http://www.olmensezoo.be/cms/index.php/nl/,5
Q19850452,Festa Dolphinarium,aquarium,BG,43.2114,27.9394,http://dolphinariumvarna.bg/,5
Q4703495,Mohamed bin Zayed Nature Reserve,zoo,BH,26.0156,50.4956,http://www.alareen.bh,5
Q28679974,AquaRio,aquarium,BR,-22.8931,-43.1928,http://www.aquariomarinhodorio.com.br/,5
Q10306230,Rio de Janeiro Zoological Garden,zoo,BR,-22.9044,-43.2294,https://bioparquedorio.com.br/,5
Q4025978,"Ardastra Gardens, Zoo and Conservation Centre",zoo,BS,25.0759,-77.3617,http://www.ardastra.com/,5
Q688446,Knie's Kinderzoo,zoo,CH,47.2237,8.822,http://www.knieskinderzoo.ch/zoocute/homepage/,5
Q5098753,Chilean National Zoo,zoo,CL,-33.4297,-70.6342,http://www.parquemet.cl,5
Q59255587,Changsha Ecological Zoo,zoo,CN,28.039,113.0106,http://www.cszoo.com.cn,5
Q9097826,Jinan Zoo,zoo,CN,36.6748,117.0175,,5
Q6963658,Nanjing Hongshan Forest Zoo,zoo,CN,32.0941,118.7983,http://www.njhszoo.com,5
Q577921,Nanjing Underwater World,aquarium,CN,32.0553,118.8394,http://www.nuww.com.cn/,5
Q16489723,Bioparque Los Ocarros,zoo,CO,4.1851,-73.6087,,5
Q10861328,Zoopark Vyškov,zoo,CZ,49.2731,16.9969,http://www.zoo-vyskov.cz/,5
Q328819,Eekholt Wildlife Park,zoo,DE,53.9492,10.0288,http://www.wildpark-eekholt.de/,5
Q220041,Kaiserslautern Zoo,zoo,DE,49.4661,7.6806,http://www.zoo-kaiserslautern.com/de/249-2/,5
Q872955,Müritzeum,aquarium,DE,53.5146,12.6833,https://www.mueritzeum.de/,5
Q2803487,Tierpark Essehof,zoo,DE,52.3061,10.665,http://tierpark-essehof.de/,5
Q765055,Tierpark Zittau,zoo,DE,50.9014,14.8325,https://tierpark-zittau.de/home/,5
Q31689,Alexandria Aquarium,aquarium,EG,31.2128,29.8851,https://niof-eg.com/aquarium/,5
Q6392353,Aquarium Grotto Garden,aquarium,EG,30.0566,31.2187,,5
Q28419476,Hurghada Grand Aquarium,aquarium,EG,27.1337,33.8217,https://hurghadaaquarium.com/,5
Q11769978,Marineland Mallorca,zoo,ES,39.5329,2.5629,,5
Q6122741,Sea Life Benalmádena,aquarium,ES,36.5988,-4.5141,https://www.visitsealife.com/Benalmadena/en/,5
Q55603199,Addis Ababa Zoo,zoo,ET,9.0428,38.7619,,5
Q3538753,Kotka Maretarium,aquarium,FI,60.4611,26.9506,http://www.maretarium.fi/,5
Q2859191,Aquarium du palais de la Porte Dorée,aquarium,FR,48.8353,2.4094,http://www.aquarium-portedoree.fr,5
Q2945366,Centre de la mer et des eaux,aquarium,FR,48.8444,2.3425,http://www.oceano.org/cme2,5
Q259897,Kélonia,aquarium,FR,-21.1525,55.2802,https://museesreunion.fr/kelonia/,5
Q3312270,Micropolis,zoo,FR,44.2151,2.9888,http://www.micropolis-aveyron.com,5
Q3330862,Museum–aquarium of Nancy,aquarium,FR,48.6949,6.1882,http://www.museumaquariumdenancy.eu,5
Q3391624,Planète Sauvage,zoo,FR,47.1183,-1.7636,https://www.planetesauvage.com,5
Q1926331,Monkey World,zoo,GB,50.6973,-2.2177,https://monkeyworld.org,5
Q18344049,Kumasi Zoo,zoo,GH,6.701,-1.626,,5
Q15241081,La Aurora Zoo,zoo,GT,14.6,-90.5267,https://www.aurorazoo.org.gt/,5
Q13093132,Gembira Loka Zoo,zoo,ID,-7.804,110.3979,http://www.gembiralokazoo.com,5
Q40493,Sea World Indonesia,aquarium,ID,-6.1256,106.8428,,5
Q4850846,Taman Safari Bali (Bali Safari),zoo,ID,-8.581,115.3441,http://www.balisafarimarinepark.com,5
Q31502,Bengaluru Aquarium,aquarium,IN,12.9765,77.5985,,5
Q5087827,Chhatbir Zoo,zoo,IN,30.6036,76.7928,http://chhatbirzoo.gov.in/,5
Q4731647,Kanpur Zoological Park,zoo,IN,26.5029,80.3034,http://www.kanpurzoo.org/zoo.php,5
Q7418426,Sanjay Gandhi Biological Park,zoo,IN,25.5965,85.0993,http://forest.bih.nic.in/SGBPark.htm,5
Q48725172,Tata Steel Zoological Park,zoo,IN,22.8146,86.1959,,5
Q3576064,Zoosafari Fasanolandia,zoo,IT,40.8335,17.3386,http://www.zoosafari.it,5
Q3055859,Aqua Park Shinagawa,aquarium,JP,35.6281,139.7353,https://www.aqua-park.jp/aqua/,5
Q4782624,Aqua World,aquarium,JP,36.3333,140.5939,https://www.aquaworld-oarai.com/,5
Q4812638,Atagawa Tropical & Alligator Garden,zoo,JP,34.8166,139.0679,http://bananawani.jp/english/,5
Q11405627,Chitose Aquarium,aquarium,JP,42.8327,141.6592,https://chitose-aq.jp/,5
Q2585012,Himeji Central Park,zoo,JP,34.8677,134.7521,https://www.central-park.co.jp/,5
Q10860225,Inokashira Park Zoo,zoo,JP,35.7008,139.5728,https://www.tokyo-zoo.net/zoo/ino/,5
Q11675955,Kamo Aquarium,aquarium,JP,38.7622,139.725,https://kamo-kurage.jp/english/,5
Q6764266,Marine World Uminonakamichi,aquarium,JP,33.6608,130.3633,https://marine-world.jp/,5
Q6788091,Matsue Vogel Park,zoo,JP,35.4763,132.944,https://www.ichibata.co.jp/vogelpark/en/,5
Q6764196,Miyajima Public Aquarium,aquarium,JP,34.2954,132.3154,https://www.miyajima-aqua.jp/,5
Q11250698,Sunshine Aquarium,aquarium,JP,35.7286,139.7198,https://sunshinecity.jp/aquarium/,5
Q11527526,Tobu Zoo,zoo,JP,36.0201,139.7197,https://www.tobuzoo.com/,5
Q4641942,63 Seaworld,aquarium,KR,37.5198,126.94,http://www.63.co.kr/63eng/SW/SW_main.html,5
Q5002935,"Butterfly Garden, Grevenmacher",zoo,LU,49.6806,6.4456,https://www.papillons.lu/,5
Q861893,Naypyidaw Safari Park,zoo,MM,19.8715,96.2543,,5
Q3213460,La Vanille Nature Park,zoo,MU,-20.4853,57.5508,https://www.lavanille-naturepark.com/,5
Q6171767,Zoológico Los Coyotes,zoo,MX,19.319,-99.122,http://www.loscoyotes.df.gob.mx/,5
Q18343760,Port Harcourt Zoo,zoo,NG,4.8111,7.0467,,5
Q111356426,Sumu Wildlife Park,zoo,NG,9.8466,10.3084,,5
Q11983144,Langedrag Naturpark,zoo,NO,60.4476,8.8811,,5
Q6962092,Park Nordica,zoo,NO,64.7431,12.8478,https://www.park-nordica.com/no,5
Q1026285,Calauit Safari Park,zoo,PH,12.3,119.9,,5
Q4842512,Bahawalpur Zoo,zoo,PK,29.4025,71.6817,,5
Q7292958,"Rani Bagh, Hyderabad",zoo,PK,25.3822,68.3431,,5
Q18420920,Africarium,aquarium,PL,51.1047,17.0744,http://zoo.wroclaw.pl/en/africarium.html,5
Q922579,Aquarium and Natural History Museum in Kraków,aquarium,PL,50.0555,19.9415,,5
Q9344120,Poznań Old Zoo,zoo,PL,52.4081,16.9049,https://zoo.poznan.pl/,5
Q8187791,Aquário Vasco da Gama,aquarium,PT,38.6992,-9.2382,https://ccm.marinha.pt/pt/aquariovgama,5
Q1439061,Sea Life Porto,aquarium,PT,41.1681,-8.6872,http://www.sealifeeurope.com/local/index.php?loc=port,5
Q3364375,Hann Forest and Zoological Park,zoo,SN,14.724,-17.4331,,5
Q6055894,Gaziantep Zoo,zoo,TR,37.0397,37.2953,http://gaziantepzoo.org//,5
Q2198266,Emperor Valley Zoo,zoo,TT,10.6742,-61.5187,,5
Q10927153,Fonghuanggu Bird and Ecology Park,zoo,TW,23.7289,120.7928,http://fhk-eng.nmns.edu.tw/,5
Q9097841,Shoushan Zoo,zoo,TW,22.6346,120.275,http://zoo.kcg.gov.tw,5
Q4164364,Dokuchaievsk Zoo,zoo,UA,47.7667,37.6833,,5
Q4166225,Dolphinarium in Donetsk,aquarium,UA,47.9926,37.788,,5
Q4320477,Nikolaev Zoo,zoo,UA,46.9611,32.0361,,5
Q4537469,Yalta Zoo,zoo,UA,44.4944,34.1183,https://yaltazoo.org,5
Q4705881,Alameda Park Zoo,zoo,US,32.9015,-105.961,http://ci.alamogordo.nm.us/coa/communityservices/zoo.htm,5
Q4708633,Alaska Wildlife Conservation Center,zoo,US,60.8215,-148.9844,https://alaskawildlife.org/,5
Q4712807,Albuquerque Aquarium,aquarium,US,35.0932,-106.679,http://www.cabq.gov/biopark/aquarium,5
Q623162,Aquarium of the Americas,aquarium,US,29.9503,-90.0631,http://www.auduboninstitute.org/visit/aquarium,5
Q4782760,Aquarium of the Bay,aquarium,US,37.8088,-122.409,http://www.aquariumofthebay.org/,5
Q7419807,Heal the Bay Aquarium,zoo,US,34.01,-118.4958,,5
Q6398108,Key West Butterfly and Nature Conservatory,zoo,US,24.5475,-81.7969,http://www.keywestbutterfly.com,5
Q13513150,Marineland of Florida,aquarium,US,29.6683,-81.2128,http://www.marineland.net/,5
Q6900777,Monkey Jungle,zoo,US,25.5664,-80.4313,http://www.monkeyjungle.com,5
Q5395439,Navajo Nation Zoological and Botanical Park,zoo,US,35.6642,-109.051,http://www.navajozoo.org,5
Q2887555,Sierra Safari Zoo,zoo,US,39.6234,-119.909,,5
Q3484004,Silver Springs,zoo,US,29.2181,-82.0545,http://www.silversprings.com,5
Q8033549,Woodward's Gardens,zoo,US,37.768,-122.421,,5
Q7139644,Parque Lecocq,zoo,UY,-34.7918,-56.3343,,5
Q14623601,Bear Sanctuary Prishtina,zoo,XK,42.638,21.2601,https://www.bearsanctuary-prishtina.org/,5
Q2211413,Safaripark Gänserndorf,zoo,AT,48.3036,16.7136,,4
Q18577780,Tiergarten Walding,zoo,AT,48.3506,14.1364,https://www.tiergartenwalding.com/cms/,4
Q4733588,Alma Park Zoo,zoo,AU,-27.2267,152.983,http://www.almaparkzoo.com.au/,4
Q296366,Aquarium of Western Australia,aquarium,AU,-31.8267,115.7381,https://www.aqwa.com.au/,4
Q29025197,Comilla Zoo and Botanical Garden,zoo,BD,23.4722,91.1714,,4
Q16345864,Gazipur Safari Park,zoo,BD,24.17,90.3965,,4
Q13059506,Recreation Park and Rangpur Zoo,zoo,BD,25.7556,89.2515,,4
Q40710,Aquarium of Brussels,aquarium,BE,50.8643,4.3187,http://www.aquariologie.be,4
Q40680,Aquarium-Muséum,aquarium,BE,50.6388,5.5787,http://aquarium-museum.uliege.be/,4
Q2589156,Aquatopia,aquarium,BE,51.2192,4.4211,http://www.aquatopia.be,4
Q3305037,Meli Park,zoo,BE,51.0814,2.6016,https://www.meli.be/meli-park,4
Q18639777,Stara Zagora Zoo,zoo,BG,42.4383,25.6096,http://www.zoo-starazagora.com/,4
Q9011010,Curitiba Zoo,zoo,BR,-25.5606,-49.2353,,4
Q10306226,Zoológico de Brasília,zoo,BR,-15.8472,-47.9403,,4
Q4927320,Bloedel Conservatory,zoo,CA,49.2421,-123.114,https://vancouver.ca/parks-recreation-culture/bloedel-conservatory.aspx,4
Q17454,Exploramer,aquarium,CA,49.131,-66.4872,https://www.exploramer.qc.ca/,4
Q2859179,Montreal Aquarium,aquarium,CA,45.5236,-73.5381,,4
Q113557320,Jardin zoologique de Kinshasa,zoo,CD,-4.3106,15.3081,,4
Q4959034,Brazzaville Zoo,zoo,CG,-4.2717,15.261,https://zoolandia.cg,4
Q1713816,Juraparc,zoo,CH,46.6916,6.3405,,4
Q1693413,Tierpark Lange Erlen,zoo,CH,47.5744,7.6078,,4
Q20669929,Chengdu Zoo,zoo,CN,30.711,104.104,http://www.cdzoo.com.cn/,4
Q14594862,Qingdao Aquarium,aquarium,CN,36.0569,120.336,http://www.qdunderwaterworld.com/,4
Q25058046,Shenzhen Safari Park,zoo,CN,22.6,113.97,,4
Q31505,Acuario Nacional de Cuba,aquarium,CU,23.1156,-82.4366,http://www.acuarionacional.cu,4
Q5413044,Curaçao Sea Aquarium,aquarium,CW,12.0841,-68.8965,https://curacao-sea-aquarium.com/,4
Q11756334,Tabor Zoo,zoo,CZ,49.3883,14.649,https://www.zootabor.eu/,4
Q2570800,Bad Mergentheim Wildlife Park,zoo,DE,49.4683,9.7969,http://www.wildtierpark.de,4
Q2570791,Betzenberg Wildlife Park,zoo,DE,49.4313,7.7926,,4
Q1538627,Hirschfeld Wildlife Park,zoo,DE,50.6278,12.4403,https://tierpark.hirschfeld-sachsen.de/inhalt/tierpark_hirschfeld/_inhalt/willkommen,4
Q1265654,Kurpfalz-Park,zoo,DE,49.4134,8.1052,http://www.kurpfalz-park.de/,4
Q1799174,Olching Bird Park,zoo,DE,48.2086,11.3219,https://www.vogelpark-olching.de/,4
Q2570250,Südliche Weinstraße Wildlife Park,zoo,DE,49.14,7.9322,https://wildpark-silz.de/,4
Q876440,Tier- und Pflanzenpark Fasanerie,zoo,DE,50.1025,8.1922,,4
Q2432276,Tierpark Dessau,zoo,DE,51.849,12.2383,,4
Q2432284,Tierpark Gotha,zoo,DE,50.9345,10.7199,https://www.tierpark-gotha.de/,4
Q119061225,Tierpark Oberwald,zoo,DE,48.9895,8.4213,https://zoo-karlsruhe.de/erlebniswelten/tierpark-oberwald/,4
Q5187401,Crocodile Zoo,zoo,DK,54.8636,11.9089,http://www.krokodillezoo.dk/,4
Q12311502,Fjord & Belt,aquarium,DK,55.4502,10.6612,http://www.fjordbaelt.dk,4
Q17111098,Marselisborg Deer Park,zoo,DK,56.1208,10.2194,,4
Q20746709,Acuario de Sevilla,aquarium,ES,37.3705,-5.9911,https://www.acuariosevilla.es/,4
Q12256355,Aquarium de Donostia-San Sebastián,aquarium,ES,43.3229,-1.9921,https://aquariumss.com/eu/euskara/,4
Q1277944,Las Águilas Jungle Park,zoo,ES,28.0795,-16.6954,https://www.junglepark.es/,4
Q87282998,Maroparque,zoo,ES,28.6824,-17.7783,http://maroparque.es/,4
Q47166845,Poema del Mar Aquarium,aquarium,ES,28.1442,-15.4282,https://poema-del-mar.com/,4
Q3303225,Kitee Zoo,zoo,FI,62.0458,29.8983,http://www.kiteezoo.fi,4
Q2859173,Aquarium de La Rochelle,aquarium,FR,46.1533,-1.1505,https://www.aquarium-larochelle.com,4
Q2973092,Aquarium de Paris,aquarium,FR,48.8622,2.2908,http://www.cineaqua.com/,4
Q3576014,Asson Zoo,zoo,FR,43.1284,-0.2682,http://www.zoo-asson.org,4
Q1771324,Jardin zoologique tropical,zoo,FR,43.1381,6.2344,http://www.zootropical.com,4
Q3364279,Parc Jardins du Monde,zoo,FR,45.63,-1.0125,https://www.planet-exotica.com/,4
Q16668908,Parc animalier des monts de Guéret,zoo,FR,46.1269,1.8913,,4
Q4763399,Anglesey Sea Zoo,aquarium,GB,53.1642,-4.2788,https://www.angleseyseazoo.co.uk/,4
Q4946742,Borth Wild Animal Kingdom,zoo,GB,52.4856,-4.044,https://www.borthzoo.co.uk/,4
Q5171837,Cornish Seal Sanctuary,zoo,GB,50.092,-5.2026,https://www.visitsealife.com/gweek/,4
Q1866486,Living Coasts,zoo,GB,50.458,-3.525,http://www.livingcoasts.org.uk/,4
Q7621945,Stratford Butterfly Farm,zoo,GB,52.1896,-1.7003,http://www.butterflyfarm.co.uk/,4
Q26661794,The Brighton Aquarium And Attached Walls And Piers And Railings And Lamps,aquarium,GB,50.8195,-0.1352,,4
Q4826122,Auto Safari Chapin,zoo,GT,14.1013,-90.6265,http://www.autosafarichapin.com,4
Q431681,Miskolc Zoo,zoo,HU,48.124,20.6563,,4
Q2896297,NegevZoo,zoo,IL,31.26,34.745,http://www.negevzoo.co.il,4
Q7061713,Tel Aviv Dolphinarium,aquarium,IL,32.0673,34.7618,,4
Q4345206,"Utopia park, Israel",zoo,IL,32.3516,35.0148,https://utopiapark.co.il/,4
Q93969065,Etawah Safari Park,zoo,IN,26.7673,79.0019,https://etawahlionsafari.org/,4
Q5617187,Gulab Bagh and Zoo,zoo,IN,24.5714,73.6928,,4
Q15229182,Jaipur Zoo,zoo,IN,26.9122,75.8214,,4
Q128034611,Jungle Mahal Zoological Park,zoo,IN,22.4489,87.0203,,4
Q7136009,Parassinikkadavu Snake Park,zoo,IN,11.9902,75.3893,,4
Q19893153,Rohtak Zoo,zoo,IN,28.8789,76.6358,,4
Q7798287,Thrissur Zoo,zoo,IN,10.53,76.2228,,4
Q7859688,Tyavarekoppa Lion and Tiger Safari,zoo,IN,13.9739,75.494,,4
Q94465,Eram Zoo,zoo,IR,35.7185,51.2936,,4
Q96473886,Kish Dolphinarium,aquarium,IR,26.5053,54.0389,,4
Q3662506,Castle of Brescia,zoo,IT,45.5428,10.2251,https://www.bresciamusei.com/castello.asp,4
Q19573583,Parco Safari delle Langhe,zoo,IT,44.4924,8.031,https://www.parcosafari.it/,4
Q11595312,Akita City Ōmoriyama Zoo,zoo,JP,39.6722,140.0774,https://www.city.akita.lg.jp/zoo/,4
Q4782699,Aquamarine Fukushima,aquarium,JP,36.9427,140.9015,https://www.aquamarine.or.jp/,4
Q4803495,Asamushi Aquarium,aquarium,JP,40.8976,140.8628,http://asamushi-aqua.com/,4
Q11657616,Aso Cuddly Dominion,zoo,JP,32.931,131.0667,http://www.cuddly.co.jp/index.html,4
Q11405998,Chiba Zoological Park,zoo,JP,35.645,140.127,https://www.city.chiba.jp/zoo/,4
Q2584900,Himeji City Aquarium,aquarium,JP,34.8227,134.676,https://www.city.himeji.lg.jp/aqua/,4
Q7741262,Ice Museum,aquarium,JP,38.9001,141.58,https://okamotoseihyo.jp/ice-aquarium/,4
Q3156501,Izu Mito Sea Paradise,aquarium,JP,35.0194,138.8959,https://www.mitosea.com/,4
Q2182381,Japan Monkey Centre,zoo,JP,35.3906,136.9575,http://www.japanmonkeycentre.org/,4
Q125228535,Kobe Suma Sea World,aquarium,JP,34.6442,135.1286,https://www.kobesuma-seaworld.jp/,4
Q11568009,Kumamoto City Zoological and Botanical Gardens,zoo,JP,32.7746,130.7478,https://www.ezooko.jp/,4
Q11370332,Kyushu African Safari,zoo,JP,33.354,131.4115,https://africansafari.co.jp/english/,4
Q56739393,Muroto Schoolhouse Aquarium,aquarium,JP,33.3266,134.1955,https://www.city.muroto.kochi.jp/pages/page0343.php,4
Q11674251,Nishiyama Zoo,zoo,JP,35.9506,136.1809,https://www.city.sabae.fukui.jp/nishiyama_zoo/,4
Q11541603,Rakuju-en,zoo,JP,35.1229,138.9118,https://www.city.mishima.shizuoka.jp/rakujyu/,4
Q7421103,Sapporo Maruyama Zoo,zoo,JP,43.0514,141.3074,https://www.city.sapporo.jp/zoo/,4
Q11551834,Satsukiyama Zoo,zoo,JP,34.8305,135.4253,https://satsukiyamazoo.com/,4
Q17222417,Sendai Umino-Mori Aquarium,aquarium,JP,38.2711,140.9807,https://www.uminomori.jp/umino/,4
Q11542208,Shibetsu Salmon Science Museum,aquarium,JP,43.6601,145.1161,http://s-salmon.com/,4
Q66432954,Shikoku Aquarium,aquarium,JP,34.3128,133.8081,https://shikoku-aquarium.jp/,4
Q11254393,Shinagawa Aquarium,aquarium,JP,35.5885,139.7375,https://www.aquarium.gr.jp/,4
Q11273042,Tokiwa Park,zoo,JP,33.9458,131.2831,https://www.tokiwapark.jp/,4
Q11558610,Uminonakamichi Seaside Park,zoo,JP,33.6592,130.3535,https://uminaka-park.jp/,4
Q11417475,Wakayama Prefectural Museum of Natural History,aquarium,JP,34.1586,135.1921,https://www.shizenhaku.wakayama-c.ed.jp/,4
Q11469706,Yamanashi Prefectural Fuji Spring-fed Village Aquarium,aquarium,JP,35.4555,138.8239,http://www.morinonakano-suizokukan.com/,4
Q16253871,Bayap Zoo,zoo,KH,11.6512,105.4829,,4
Q17063809,Kampot Zoo,zoo,KH,10.6654,104.1387,,4
Q19820001,Pinnawala Open Zoo,zoo,LK,7.3006,80.3883,,4
Q31630,Wasserbillig Aquarium,aquarium,LU,49.7167,6.5022,http://aquarium.wasserbillig.lu,4
Q7843680,Tripoli Zoo,zoo,LY,32.8586,13.1789,,4
Q27919299,Crocoparc Agadir,zoo,MA,30.3883,-9.4836,,4
Q18388017,Peyrieras Reptile Reserve,zoo,MG,-18.9189,47.7914,,4
Q8074133,Zoológico Miguél Álvarez del Toro,zoo,MX,16.7254,-93.0935,,4
Q28043528,Jong's Crocodile Farm and Zoo,zoo,MY,1.413,110.3357,http://www.jongscrocodile.com/,4
Q29208,The Green Connection,aquarium,MY,5.9777,116.088,http://the-green-connection.com,4
Q79412447,Kano Zoo,zoo,NG,11.9657,8.5288,https://kanozoo.nazap.org.ng,4
Q11961462,Bjørneparken,zoo,NO,60.4339,9.4458,https://bjorneparken.no/,4
Q9055836,Parque Municipal Summit,zoo,PA,9.0662,-79.6456,https://mupa.gob.pa/summit/,4
Q6062796,Parque de las Leyendas,zoo,PE,-12.0673,-77.0867,http://leyendas.gob.pe/,4
Q778531,Karachi Safari Park,zoo,PK,24.9208,67.1125,,4
Q6473423,Lahore Zoo Safari,zoo,PK,31.3828,74.2133,http://www.lahorezoo.com.pk/,4
Q25040434,Murree Wildlife Park,zoo,PK,33.8952,73.3684,,4
Q42530840,Peshawar Zoo,zoo,PK,34.0173,71.4897,,4
Q7440540,Seal Sanctuary in Hel,aquarium,PL,54.6069,18.8001,https://fokarium.ug.edu.pl,4
Q14202152,Badoca Safari Park,zoo,PT,38.0407,-8.7433,,4
Q4685879,Timișoara Zoological Garden,zoo,RO,45.7818,21.2678,http://www.zootimisoara.ro,4
Q10952800,Jagodina Zoo,zoo,RS,43.9643,21.2651,http://www.zoovrtjagodina.rs/,4
Q4198185,Izhevsk Zoo,zoo,RU,56.8658,53.1729,http://www.udm-zoo.ru,4
Q15120993,Sevastopol Zoo,zoo,RU,44.5944,33.5448,,4
Q4465264,Tula Exotarium,zoo,RU,54.2087,37.6196,,4
Q16723452,Yaroslavl Zoo,zoo,RU,57.675,39.8972,http://yar-zoo.ru/,4
Q4174319,Yekaterinburg Zoo,zoo,RU,56.8334,60.6215,http://www.ekazoo.ru/,4
Q10499804,Frösö Zoo,zoo,SE,63.1937,14.581,http://www.frosozoo.se,4
Q3330639,The Maritime Museum and Aquarium,aquarium,SE,57.699,11.9321,https://www.sjofartsmuseetakvariet.se/,4
Q14469669,Nakhon Ratchasima Zoo,zoo,TH,14.8504,102.075,http://www.korat.zoothailand.org/,4
Q1132057,Rayong Aquarium,aquarium,TH,12.6094,101.423,http://www.fisheries.go.th/fisheries/aq/webplace1.php?hidAQCode=00000012,4
Q11084009,Hsinchu Zoo,zoo,TW,24.8011,120.979,http://zoo.e-tobe.com/eng/,4
Q16242379,Wanpi World Zoo,zoo,TW,23.2789,120.209,https://www.wanpiworldzoo.com.tw/,4
Q124514449,Xpark,aquarium,TW,25.0172,121.2141,https://www.xpark.com.tw/jp,4
Q16929389,Yehliu Ocean World,aquarium,TW,25.2053,121.691,http://www.oceanworld.com.tw/,4
Q12166962,Kharkiv Dolphinarium,aquarium,UA,50.0007,36.2281,http://en.nemo.ua/kh/,4
Q12118980,Lutsk Zoo,zoo,UA,50.7411,25.3392,,4
Q4111612,Podilskyi Zoo,zoo,UA,49.2714,28.4767,http://zoopark.vn.ua/,4
Q370775,ABQ BioPark Zoo,zoo,US,35.0776,-106.663,https://cabq.gov/culturalservices/biopark/zoo,4
Q4883644,Belle Isle Aquarium,aquarium,US,42.3366,-82.9854,,4
Q5048206,Cascades Raptor Center,zoo,US,43.9874,-123.08,http://www.eraptors.org,4
Q5051072,Cat Tales Wildlife Center,zoo,US,47.8079,-117.349,https://www.cattales.org/,4
Q649904,Dolphin Research Center,zoo,US,24.767,-80.9455,http://www.dolphins.org,4
Q5464852,Folsom City Zoo Sanctuary,zoo,US,38.682,-121.165,http://www.folsom.ca.us/depts/parks_n_recreation/zoo/,4
Q6117808,Jackson Zoo,zoo,US,32.3202,-90.2207,http://www.jacksonzoo.org,4
Q28817,Long Island Aquarium and Exhibition Center,aquarium,US,40.9179,-72.6564,http://www.longislandaquarium.com/,4
Q6905834,Montgomery Zoo,zoo,US,32.4201,-86.2772,http://www.montgomeryzoo.com,4
Q7099598,Orange County Zoo,zoo,US,33.7964,-117.751,http://www.ocparks.com/oczoo,4
Q7185928,Phillips Park Zoo,zoo,US,41.7363,-88.2948,https://www.aurora-il.org/150/Phillips-Park-Zoo,4
Q3427461,Reptile Gardens,zoo,US,43.9904,-103.272,http://www.reptilegardens.com/,4
Q7404825,Salisbury Zoo,zoo,US,38.361,-75.5828,http://www.salisburyzoo.org,4
Q7423241,Sarasota Jungle Gardens,zoo,US,27.3679,-82.5563,https://sarasotajunglegardens.com/,4
Q687421,Six Flags Wild Safari Adventure,zoo,US,40.1347,-74.4278,https://www.sixflags.com/wildsafariadventure,4
Q1127326,Smithsonian Conservation Biology Institute,zoo,US,38.8877,-78.1652,http://nationalzoo.si.edu/ConservationAndScience/CRC/FrontRoyal/,4
Q3521787,The Marine Mammal Center,zoo,US,37.8351,-122.532,http://www.marinemammalcenter.org/,4
Q8001337,Wildlife World Zoo,zoo,US,33.549,-112.413,http://www.wildlifeworld.com,4
Q8031923,Wonders of Wildlife Museum & Aquarium,zoo,US,37.1814,-93.2965,http://www.wondersofwildlife.org,4
Q623158,Valencia's Aquarium,zoo,VE,10.189,-68.0112,http://www.aquariumdevalencia.com,4
Q8036586,World of Birds Wildlife Sanctuary and Monkey Park,zoo,ZA,-34.0175,18.3625,http://www.worldofbirds.org.za/,4
Q1019188,Bear sanctuary Arbesbach,zoo,AT,48.4807,14.9267,https://www.baerenwald.at/,3
Q2145298,Happ's Reptilienzoo,zoo,AT,46.6199,14.2656,http://www.reptilienzoo.at/,3
Q1722919,Kameltheater Kernhof,zoo,AT,47.8196,15.5375,,3
Q24232843,Tierpark Rosegg,zoo,AT,46.5845,14.0232,https://www.rosegg.at/tierpark-kaernten/,3
Q17514617,Vogelpark Turnersee,zoo,AT,46.5819,14.5618,http://vogelpark.at/,3
Q4792522,Armadale Reptile Centre,zoo,AU,-32.1766,116.015,http://www.armadalereptilecentre.com.au,3
Q109229025,Birdland Animal Park,zoo,AU,-35.7236,150.1942,http://www.birdlandanimalpark.com.au/,3
Q119475135,Bonorong Wildlife Sanctuary,zoo,AU,-42.7087,147.2712,https://www.bonorong.com.au/,3
Q85754626,Crocodylus Park,zoo,AU,-12.4121,130.9281,http://www.crocodyluspark.com.au,3
Q5463448,Flying High Bird Sanctuary,zoo,AU,-25.2186,152.239,http://www.flyinghighbirdsanctuary.com,3
Q7306796,Reef HQ,aquarium,AU,-19.2577,146.824,http://www.reefhq.com.au,3
Q7487446,Shambala Animal Kingdom,zoo,AU,-16.9009,145.571,http://www.shambalaanimalkingdom.com.au,3
Q2959739,Familiepark Harry Malter,zoo,BE,51.0157,3.8194,https://www.harrymalter.be/fr/,3
Q15071930,Parc animalier de La Reid,zoo,BE,50.5116,5.7729,http://www.forestia.be,3
Q3034599,domain of the caves of Han,zoo,BE,50.1255,5.1875,http://www.grotte-de-han.be/,3
Q18639466,Lovech Zoo,zoo,BG,43.1385,24.7276,,3
Q18639637,Plovdiv Zoo,zoo,BG,42.1439,24.7109,,3
Q9051600,Aracaju Oceanarium,aquarium,BR,-11.2011,-37.0408,,3
Q20059693,Bauru Zoo,zoo,BR,-22.3408,-49.02,https://www2.bauru.sp.gov.br/semma/unidades_ambientais/zoologico.aspx,3
Q524626,Municipal Aquarium of Santos,aquarium,BR,-23.9863,-46.3084,,3
Q16493141,Sao Paulo aquarium,aquarium,BR,-23.5933,-46.6141,https://aquariodesp.com.br/,3
Q10395314,Simba Safari,zoo,BR,-23.6543,-46.6157,https://www.simbasafari.com.br/,3
Q9011004,Zoological Garden of Belo Horizonte,zoo,BR,-19.8597,-44.0106,http://www.pbh.gov.br,3
Q4299212,Mogilyov Zoo,zoo,BY,53.8633,30.2678,http://zoosad.by/,3
Q4951355,Bowmanville Zoo,zoo,CA,43.9128,-78.6685,,3
Q7023739,Niagara Parks Butterfly Conservatory,zoo,CA,43.1373,-79.0555,http://www.niagaraparks.com/garden-trail/butterfly-conservatory.html,3
Q7074095,Oaklawn Farm Zoo,zoo,CA,45.0044,-64.8446,http://oaklawnfarmzoo.ca/,3
Q7122752,Pacific Undersea Gardens,aquarium,CA,48.4215,-123.371,,3
Q7132469,Papanack Park Zoo,zoo,CA,45.5595,-75.1205,http://www.papanack.com,3
Q7440604,Sealand of the Pacific,aquarium,CA,48.4249,-123.302,,3
Q7504536,Shubenacadie Wildlife Park,zoo,CA,45.0936,-63.3932,http://wildlifepark.gov.ns.ca/,3
Q7639072,Suncor Energy Fluvarium,zoo,CA,47.5798,-52.7326,,3
Q2404630,Bois de la Bâtie,zoo,CH,46.1983,6.1241,,3
Q1720755,Bois du Petit-Château,zoo,CH,47.1058,6.8222,https://muzoo.ch/,3
Q2570812,Langenberg Wildlife Park,zoo,CH,47.2928,8.5292,,3
Q220112,Zoo al Maglio,zoo,CH,45.985,8.8767,http://www.zooalmaglio.ch/,3
Q10566319,Chimelong Safari Park,zoo,CN,23.0056,113.3093,http://int.chimelong.com/en_US/GZ/safari,3
Q11062008,Guangzhou Zoo,zoo,CN,23.1447,113.2998,http://www.gzzoo.com,3
Q65117876,Harbin Zoo,zoo,CN,45.391,127.1,,3
Q7356438,Rodadero Sea Aquarium and Museum,aquarium,CO,11.217,-74.2372,,3
Q6171771,Santacruz zoo,zoo,CO,4.5836,-74.3329,http://zoosantacruz.org/,3
Q6171777,zoologico de barranquilla,zoo,CO,11.0106,-74.7969,http://www.zoobaq.org/index.php,3
Q26990814,Osa Wildlife Sanctuary,zoo,CR,8.6738,-83.3171,,3
Q117372677,Limassol Zoo,zoo,CY,34.6832,33.056,https://limassolzoo.com/,3
Q10856998,Chleby Zoo,zoo,CZ,50.2225,15.0917,http://www.zoochleby.cz,3
Q81891890,Parrot Zoo in Bošovice,zoo,CZ,49.0559,16.8373,https://papouscizoo.cz,3
Q8546991,ZOO Dvorec,zoo,CZ,48.8732,14.6546,,3
Q10861329,Zoopark Zájezd,zoo,CZ,50.1666,14.2219,http://zoopark-zajezd.cz/,3
Q107171042,Adler- und Wolfspark Kasselburg,zoo,DE,50.2392,6.6853,https://adler-wolfspark.de/,3
Q438680,Alternativer Bärenpark Worbis,zoo,DE,51.4272,10.3469,https://www.baer.de/,3
Q124289952,Alternativer Wolf- und Bärenpark Schwarzwald,zoo,DE,48.3915,8.3111,https://www.baer.de/projekte/alternativer-wolf-und-baerenpark-schwarzwald,3
Q632524,Arche Noah Zoo Braunschweig,zoo,DE,52.2219,10.515,https://zoo-bs.de/,3
Q2530031,Bird Park Steinen,zoo,DE,47.6865,7.7567,https://www.vogelpark-steinen.de/,3
Q1019189,Bärenwald Müritz,zoo,DE,53.3872,12.3264,https://www.baerenwald-mueritz.de/,3
Q1688481,Hankensbüttel Otter Centre,zoo,DE,52.7314,10.62,https://otterzentrum.de,3
Q1664520,Inselzoo Altenburg,zoo,DE,50.9788,12.4329,,3
Q19931292,Irrland,zoo,DE,51.5556,6.2047,https://www.irrland.de,3
Q1952390,Multimar Wattforum,aquarium,DE,54.3178,8.9528,https://multimar-wattforum.de/,3
Q220077,Safariland Stukenbrock,zoo,DE,51.8892,8.6808,https://safariland-stukenbrock.de/,3
Q593400,Sassnitz Wildlife Park,zoo,DE,54.5189,13.654,http://www.tierpark-sassnitz.de/,3
Q2254498,Schwarzwaldzoo Waldkirch,zoo,DE,48.0876,7.9585,https://www.schwarzwaldzoo.de/,3
Q2261873,Sea Life München,aquarium,DE,48.1738,11.5562,https://www.visitsealife.com/muenchen/,3
Q1494249,Tier- und Kulturpark Bischofswerda,zoo,DE,51.1264,14.1758,https://tierpark-bischofswerda.de,3
Q1396643,Tiergarten Eisenberg,zoo,DE,50.9667,11.9111,http://www.tiergarten-eisenberg-thuer.de/,3
Q2432273,Tierpark Arche Warder,zoo,DE,54.2153,9.9078,https://www.arche-warder.de/,3
Q129322,Tierpark Bad Pyrmont,zoo,DE,51.9797,9.2517,http://www.tierpark-badpyrmont.de/,3
Q1480506,Tierpark Gera,zoo,DE,50.8664,12.0644,https://tierpark.gera.de/,3
Q2351972,Tierpark Sababurg,zoo,DE,51.5453,9.5353,http://www.tierpark-sababurg.de/,3
Q15134915,Wildpark (Dülmen),zoo,DE,51.8302,7.2546,,3
Q1950392,Wildpark Daun,zoo,DE,50.1812,6.8061,http://wildpark-daun.de/,3
Q2570827,Wildpark Frankfurt,zoo,DE,52.3506,14.4637,https://wichern-diakonie.de/produkte-und-dienstleistungen/wildpark/,3
Q4538051,Wildpark Gangelt,zoo,DE,50.9844,5.9649,https://www.wildpark-gangelt.com/,3
Q2570815,Wildpark Leipzig,zoo,DE,51.2978,12.3661,https://www.leipzig.de/freizeit-kultur-und-tourismus/parks-waelder-und-friedhoefe/wildpark/,3
Q2570837,Wildpark Potzberg,zoo,DE,49.5219,7.4833,,3
Q220127,Zoo in der Wingst,zoo,DE,53.7429,9.0814,https://wingster-waldzoo.de/,3
Q220243,Zoologischer Garten Eberswalde,zoo,DE,52.8222,13.7822,https://zoo.eberswalde.de/,3
Q4946120,Bornholm Butterfly Park,zoo,DK,55.0637,15.119,http://www.sommerfugleparken.dk/index.php/en/,3
Q18199407,Jyllands Park Zoo,zoo,DK,56.0962,8.8077,http://www.jyllandsparkzoo.dk/,3
Q12342054,Ørnereservatet,zoo,DK,57.6044,10.3158,http://www.eagleworld.dk/,3
Q3364125,Ben Aknoun Park,zoo,DZ,36.7444,3.0083,,3
Q5493664,Acuario Municipal (Santa Pola),aquarium,ES,38.1903,-0.5553,http://www.santapola.com/turismo/acuario/acuario.htm,3
Q5657014,Aquarium River of Zaragoza,aquarium,ES,41.6692,-0.8985,http://www.acuariodezaragoza.com/,3
Q8210478,Avifauna,zoo,ES,43.0533,-7.6917,http://www.avifauna.net/,3
Q18216083,El Jardí dels Ocells,zoo,ES,41.318,1.701,https://eljardidelsocells.com/en,3
Q14251991,Rancho Texas Park,zoo,ES,28.9313,-13.6449,,3
Q5391328,Escurial Zoo and Flower Park,zoo,FI,64.7217,25.3628,https://www.kukka-jaelainpuistoescurial.fi/escurial-in-english/,3
Q5489052,Heinola bird sanctuary,zoo,FI,61.2036,26.0431,,3
Q18619542,Tropicario,zoo,FI,60.1939,24.9557,http://www.tropicario.com/eng_index.html,3
Q6442702,Kula Eco Park,zoo,FJ,-18.2,177.68,,3
Q55595468,Alligator Bay,zoo,FR,48.5972,-1.5047,https://www.alligator-bay.com/,3
Q8294,Aquarium de Lyon,aquarium,FR,45.7279,4.8157,http://www.aquariumlyon.fr,3
Q2561236,Cigoland,zoo,FR,48.2562,7.4161,http://www.cigoland.fr,3
Q2859186,Grand Aquarium de Touraine,aquarium,FR,47.388,0.9115,http://www.aquariumduvaldeloire.com/,3
Q2262801,La Ferme aux crocodiles,zoo,FR,44.3569,4.7044,https://www.lafermeauxcrocodiles.com/,3
Q2397999,La Montagne des singes,zoo,FR,48.2604,7.3745,https://www.montagnedessinges.com/,3
Q3363937,Parc animalier de Merlet,zoo,FR,45.9075,6.8182,http://www.parcdemerlet.com/,3
Q3364652,Parc ornithologique de Pont-de-Gau,zoo,FR,43.4889,4.4042,,3
Q3364781,Parc zoologique de Bordeaux Pessac,zoo,FR,44.8037,-0.696,http://www.zoo-bordeaux-pessac.com,3
Q3476657,Sea Life Paris Val d'Europe,aquarium,FR,48.8536,2.7806,http://www.visitsealife.com/paris/,3
Q3562754,Volerie des aigles,zoo,FR,48.2561,7.3864,http://www.voleriedesaigles.com/,3
Q3576032,Zoo du Mont Faron,zoo,FR,43.153,5.9405,http://zoo-toulon.fr,3
Q4892248,Berkshire College of Agriculture,zoo,GB,51.53,-0.8,https://www.bca.ac.uk/,3
Q4983312,Bucklebury Farm Park,zoo,GB,51.4304,-1.2028,http://www.buckleburyfarmpark.co.uk,3
Q15170809,Cat Survival Trust,zoo,GB,51.8391,-0.2237,http://www.catsurvivaltrust.org,3
Q5644526,Hamerton Zoo Park,zoo,GB,52.409,-0.328,https://www.hamertonzoopark.com/,3
Q6049071,International Centre for Birds of Prey,zoo,GB,51.9133,-2.428,https://www.icbp.org/,3
Q96096397,Leeds Zoological and Botanical Gardens,zoo,GB,53.8152,-1.5751,,3
Q7567782,South Lakes Safari Zoo,zoo,GB,54.1666,-3.1686,http://www.southlakessafarizoo.com/,3
Q7846248,Tropiquaria,zoo,GB,51.1609,-3.3489,https://www.tropiquaria.co.uk/,3
Q25542775,Batumi Dolphinarium,aquarium,GE,41.6477,41.6232,,3
Q4919420,Bizik family Zoo,zoo,HR,45.4941,18.1289,,3
Q953034,Kuterevo,zoo,HR,44.8205,15.1388,http://www.kuterevo-medvjedi.org,3
Q12816513,Lake Tisza Ecocentre,zoo,HU,47.6463,20.6607,http://www.tiszataviokocentrum.hu/,3
Q4251753,Batu Secret Zoo,zoo,ID,-7.884,112.525,http://www.jawatimurpark2.com/index.php/batu-secret-zoo.html,3
Q12518848,Taman Margasatwa dan Budaya Kinantan,zoo,ID,-0.3002,100.3696,,3
Q29129,Taman Safari Indonesia 2,zoo,ID,-7.7581,112.6639,,3
Q123615642,Midbarium,zoo,IL,31.26,34.745,https://midbarium.co.il/,3
Q81036087,Bhagwan Birsa Biological Park,zoo,IN,23.458,85.457,https://birsazoojharkhand.in/,3
Q24038908,Kamla Nehru Prani Sangrahalay,zoo,IN,22.702,75.88,,3
Q48724223,Kurumbapatti Zoological Park,zoo,IN,11.7442,78.1709,,3
Q15243715,Maharajbagh zoo,zoo,IN,21.1435,79.0765,,3
Q6755206,Marble Palace Zoo,zoo,IN,22.582,88.3595,,3
Q47462824,Nagaland Zoological Park,zoo,IN,25.8534,93.7243,http://dimapur.nic.in/Zoological%20Park.htm,3
Q6697780,Nawab Wajid Ali Shah Prani Udyan,zoo,IN,26.8461,80.9546,http://lucknowzoo.in,3
Q7256608,"Pt. G.B. Pant High Altitude Zoo, Nainital",zoo,IN,29.381,79.469,http://www.nainitalzoo.org.in,3
Q22080053,Sajjangarh Biological Park,zoo,IN,24.5932,73.6497,http://www.sajjangarhbiologicalpark.in,3
Q59587500,Shaheed Ashfaq Ullah Khan Prani Udyan,zoo,IN,26.7193,83.4084,https://gorakhpurzoo.org/default.aspx,3
Q21930126,VOC park and zoo,zoo,IN,11.0057,76.9709,,3
Q16999992,Warangal Zoo,zoo,IN,17.9928,79.5589,,3
Q63022404,Isfahan Aquarium,aquarium,IR,32.6377,51.6121,https://www.isfahanaquarium.ir/,3
Q3604679,Aquarium of Cattolica,aquarium,IT,43.9708,12.7233,https://www.acquariodicattolica.it/en,3
Q3895597,Faunistic Park Cappeller,zoo,IT,45.7204,11.6992,http://www.parcocappeller.com,3
Q11282869,Aquatotto Gifu,aquarium,JP,35.3717,136.8105,https://aquatotto.com/,3
Q11264065,Crab Aquarium,aquarium,JP,35.5345,134.1789,https://kanikko.jp/,3
Q56347666,DMM Kariyushi Aquarium,aquarium,JP,26.1563,127.6504,https://kariyushi-aquarium.com/,3
Q11636428,Echizen Matsushima Aquarium,aquarium,JP,36.2531,136.1472,https://www.echizen-aquarium.com/,3
Q11551063,Edogawa Ward Natural Zoo,zoo,JP,35.671,139.8584,https://www.edogawa-kankyozaidan.jp/zoo/,3
Q11502657,Enoshima Aquarium,aquarium,JP,35.3097,139.4799,http://www.enoshimamarine.com/,3
Q5507754,Fukuyama City Zoo,zoo,JP,34.5241,133.2791,http://www.fukuyamazoo.jp/,3
Q5578056,Gokatsura Pond Furusato Village,zoo,JP,34.4667,136.5546,,3
Q11577719,Hanshin-park,aquarium,JP,34.7174,135.3632,,3
Q11447486,Himeji City Zoo,zoo,JP,34.8368,134.6942,https://www.city.himeji.lg.jp/dobutuen/,3
Q11551743,Ikeda Zoo,zoo,JP,34.6747,133.9053,http://www.urban.ne.jp/home/ikedazoo/,3
Q21652473,Inubōsaki Marine Park,aquarium,JP,35.7071,140.8652,,3
Q61721910,Iyoboya Hall,aquarium,JP,38.2278,139.4714,https://www.iyoboya.jp/,3
Q11360163,Joetsu Aquarium,aquarium,JP,37.1735,138.233,https://www.umigatari.jp/joetsu/,3
Q11676554,Kagoshima City Hirakawa Zoo,zoo,JP,31.4642,130.5014,https://hirakawazoo.jp/,3
Q11536832,Katsurahama Aquarium,aquarium,JP,33.4969,133.5736,https://katurahama-aq.jp/,3
Q11400772,Kitakitsune Farm,zoo,JP,43.7558,143.4976,https://kitakitsune-farm.com/,3
Q7400110,Kujukushima Pearl Sea Resort,aquarium,JP,33.1614,129.6794,https://pearlsea.jp/,3
Q22677838,Kushiro Crane Reserve,zoo,JP,43.0567,144.1965,http://www.kushiro-park.com/publics/index/72/,3
Q11642887,Nasu Animal Kingdom,zoo,JP,37.1289,140.0369,https://nasu-oukoku.com/,3
Q11501972,New Yashima Aquarium,aquarium,JP,34.3585,134.1,https://r.goope.jp/new-yashima-aq,3
Q11275229,Noboribetsu Bear Park,zoo,JP,42.4902,141.1592,https://bearpark.jp/,3
Q11579106,Noboribetsu Marine Park Nixe,aquarium,JP,42.455,141.1822,https://www.nixe.co.jp/,3
Q11275197,Notojima Aquarium,aquarium,JP,37.1492,136.9822,https://www.notoaqua.jp/,3
Q11554537,Numazu Deep Sea Aquarium,aquarium,JP,35.084,138.8582,http://www.numazu-deepsea.com/,3
Q11595485,Oga Aquarium Gao,aquarium,JP,39.9422,139.7046,https://www.gao-aqua.jp/,3
Q11292366,Okhotsk Tokkari Center,aquarium,JP,44.3336,143.3735,,3
Q11552583,Okinawa Zoo & Museum,zoo,JP,26.3278,127.8034,https://www.okzm.jp/,3
Q11261729,Otaru Aquarium,aquarium,JP,43.2368,141.0112,https://otaru-aq.jp/page-2236,3
Q11346676,Rakutenchi,zoo,JP,33.2752,131.4813,https://rakutenchi.jp/,3
Q11377835,Sendai Yagiyama Zoological Park,zoo,JP,38.2443,140.8443,https://www.city.sendai.jp/zoo/,3
Q11476470,Shimane Aquarium Aquas,aquarium,JP,34.9594,132.1446,https://aquas.or.jp/,3
Q11361443,Shimonoseki Marine Science Museum Kaikyōkan,aquarium,JP,33.9545,130.9424,https://www.kaikyokan.com/,3
Q47164008,Shinjiko Nature Museum Gobius,aquarium,JP,35.4472,132.8644,https://www.gobius.jp/,3
Q11590110,Suma Aqualife Park,aquarium,JP,34.6442,135.1286,https://kobe-sumasui.jp/,3
Q11493586,Tobe Zoological Park,zoo,JP,33.7624,132.7928,http://www.tobezoo.com,3
Q11535182,Tochigi Nakagawa Aquatic Park,aquarium,JP,36.7891,140.1287,https://tnap.jp/english/,3
Q38278109,Tsushima Wildlife Conservation Center,zoo,JP,34.6436,129.323,http://kyushu.env.go.jp/twcc/multilang/korean/profile.htm,3
Q11674044,Uozu Aquarium,aquarium,JP,36.7984,137.3881,https://www.uozu-aquarium.jp/en/,3
Q11435011,Ōsaki Park,zoo,JP,35.8843,139.7143,https://www.sgp.or.jp/osaki,3
Q28146533,Banteay Srey Butterfly Centre,zoo,KH,13.5087,103.941,http://www.angkorbutterfly.com/,3
Q7186583,Phnom Tamao Wildlife Rescue Centre,zoo,KH,11.3006,104.8011,http://phnomtamaozoo.com,3
Q4254924,Latgale Zoo,zoo,LV,55.8739,26.5098,http://www.latgaleszoo.eu/,3
Q16904614,Zoological Garden of Monaco,zoo,MC,43.7313,7.4183,http://www.monte-carlo.mc/en/tourism/zoo/,3
Q126391371,Aquarium Boka,aquarium,ME,42.4362,18.7641,https://aquariumboka.ucg.ac.me/en/,3
Q17126827,Acuario Inbursa,aquarium,MX,19.4401,-99.2049,http://www.acuarioinbursa.com,3
Q16301038,Aquarium of Veracruz,aquarium,MX,19.1874,-96.1229,https://www.aquariumpuertodeveracruz.mx/,3
Q18391178,Zoológico Benito Juárez,zoo,MX,19.6853,-101.1936,https://zoomorelia.michoacan.gob.mx/,3
Q9097837,Zoológico de San Juan de Aragón,zoo,MX,19.4614,-99.0833,http://data.sedema.cdmx.gob.mx/zoo_aragon/,3
Q7445905,Lok Kawi Wildlife Park,zoo,MY,5.8475,116.0687,,3
Q14468312,Ogba Zoo & Nature Park,zoo,NG,6.289,5.5879,https://ogbazoo.com/,3
Q1867915,Lofotakvariet,aquarium,NO,68.2074,14.4495,,3
Q3575597,Kamo Wildlife Sanctuary,zoo,NZ,-35.7008,174.2102,http://www.kingdomofzion.co.nz,3
Q27963566,Baluarte Zoo,zoo,PH,17.5516,120.377,,3
Q5187417,Crocolandia Foundation,zoo,PH,10.2467,123.8338,,3
Q5133216,Clifton Fish Aquarium,aquarium,PK,24.8122,67.0272,,3
Q5527559,Gatwala Wildlife Park,zoo,PK,31.4781,73.2083,,3
Q6312921,Jungle World,zoo,PK,33.566,73.0853,,3
Q29214247,Leśny Park Niespodzianek,zoo,PL,49.718,18.8315,https://lesnypark.pl/,3
Q11793657,Poznań Nowe Zoo,zoo,PL,52.4003,16.9947,https://zoo.poznan.pl/,3
Q1369770,Estação Litoral da Aguda,aquarium,PT,41.0478,-8.6534,,3
Q1165722,Târgu Mureș Zoo,zoo,RO,46.5514,24.5936,https://www.zootirgumures.ro/,3
Q4063085,Alushta Aquarium,aquarium,RU,44.671,34.4112,http://alushta-aqua.ru/,3
Q4078402,Barnaul Zoo,zoo,RU,53.3575,83.6835,,3
Q4311179,Dolphinarium in Naberezhnye Chelny,aquarium,RU,55.6747,52.2989,http://delfinariy-chelny.ru/,3
Q108451306,Husky Village,zoo,RU,55.6227,36.2506,http://huskyvillage.ru/,3
Q16700961,Kara-Dag dolphinarium,aquarium,RU,44.9119,35.2017,http://karadag-dolphin.ru/,3
Q4332496,Moscow Oceanarium,aquarium,RU,55.7319,37.5167,http://www.moscowoceanpark.ru,3
Q4332495,Oceanarium in Saint Petersburg,aquarium,RU,59.9191,30.3389,http://www.planeta-neptun.ru/ocean/,3
Q3337557,Royev Ruchey Zoo,zoo,RU,55.9656,92.7311,https://roev.ru/,3
Q4125416,Voronezh Zoo,zoo,RU,51.6394,39.2436,https://zooparkvrn.ru,3
Q1551675,Grönåsens Älgpark,zoo,SE,56.8325,15.4056,,3
Q10294080,Havets hus,aquarium,SE,58.2692,11.4319,http://www.havetshus.se/,3
Q10541464,Junsele Zoo,zoo,SE,63.6979,16.8588,,3
Q18649267,Orsa Rovdjurspark,zoo,SE,61.2128,14.5331,https://www.orsarovdjurspark.se/,3
Q121296332,Aquarium Piran,aquarium,SI,45.528,13.5671,https://aquariumpiran.si/,3
Q2945389,The Tortoise Village,zoo,SN,14.7869,-17.2105,,3
Q2530020,Chai Nat Bird Park,zoo,TH,15.2073,100.1522,,3
Q48797664,Samphran Elephant Ground & Zoo,zoo,TH,13.7215,100.2552,http://www.elephantshow.com/home.htm,3
Q3576027,Songkhla Zoo,zoo,TH,7.1429,100.6043,http://www.songkhla.zoothailand.org/,3
Q4315033,Ashgabat Zoo,zoo,TM,38.0386,58.0489,,3
Q20470397,Antalya Aquarium,aquarium,TR,36.8789,30.6607,http://www.antalyaaquarium.com/,3
Q60776627,Konya Tropical Butterfly Garden,zoo,TR,37.9486,32.4619,https://www.konyatropikalkelebekbahcesi.com/tr,3
Q140940145,Jiannan Butterfly Garden,zoo,TW,25.0872,121.5539,,3
Q16954216,Dar es Salaam Zoo,zoo,TZ,-6.9439,39.4014,,3
Q16702056,Dolphinarium in Koktebel,aquarium,UA,44.965,35.2594,http://koktebel-delfin.com/,3
Q25432073,Medenychi Zoo Limpopo,zoo,UA,49.4339,23.7581,https://limpopo-zoo.com.ua/,3
Q12122625,Mena Zoo,zoo,UA,51.5223,32.2036,http://www.zoomena.com.ua/,3
Q112078133,Uganda Wildlife Conservation Education Center,zoo,UG,0.0543,32.4794,https://uwec.ug/,3
Q4705255,Alabama Gulf Coast Zoo,zoo,US,30.2617,-87.6885,http://www.alabamagulfcoastzoo.org/,3
Q4791733,Arkansas Alligator Farm and Petting Zoo,zoo,US,34.515,-93.0733,http://www.arkansasalligatorfarm.com,3
Q4823341,Austin Zoo,zoo,US,30.2569,-97.9358,http://www.austinzoo.org/,3
Q4862002,Barnum's Aquarial Gardens,zoo,US,42.7109,-73.0198,,3
Q6907923,Big Bear Alpine Zoo,zoo,US,34.2296,-116.859,https://bigbearzoo.org/,3
Q4914260,Binghamton Zoo at Ross Park,zoo,US,42.0626,-75.911,https://rossparkzoo.org/,3
Q4947730,Boston Aquarial and Zoological Gardens,zoo,US,42.7109,-73.0198,,3
Q5141722,Coker Arboretum,zoo,US,35.9137,-79.049,,3
Q5169520,Coral World Ocean Park,zoo,US,18.349,-64.865,http://www.coralworldvi.com,3
Q5176044,Cougar Mountain Zoo,zoo,US,47.553,-122.081,http://cougarmountainzoo.org,3
Q49485672,Edenton National Fish Hatchery,aquarium,US,36.0592,-76.6381,https://www.fws.gov/fish-hatchery/edenton,3
Q14710454,Ellen Trout Zoo,zoo,US,31.3753,-94.7271,http://cityoflufkin.com/zoo/,3
Q5388359,Erie Zoo,zoo,US,42.0968,-80.0755,http://www.eriezoo.org/,3
Q5459553,Flint RiverQuarium,aquarium,US,31.5791,-84.1491,http://www.flintriverquarium.com/,3
Q5485534,Frank Buck Zoo,zoo,US,33.6217,-97.1542,http://www.frankbuckzoo.com,3
Q5600498,Greater Cleveland Aquarium,aquarium,US,41.4963,-81.7039,http://greaterclevelandaquarium.com,3
Q5617390,Gulf Breeze Zoo,zoo,US,30.4012,-86.9896,http://www.gulfbreezezoo.org,3
Q5731426,Henson Robinson Zoo,zoo,US,39.7274,-89.5835,https://www.hensonrobinsonzooed.org/,3
Q2154793,Jungleland USA,zoo,US,34.1741,-118.848,,3
Q6392239,Kentucky Down Under,zoo,US,37.2029,-85.9334,http://www.kdu.com,3
Q6398109,Key West Aquarium,zoo,US,24.559,-81.8073,http://www.keywestaquarium.com,3
Q6672689,Long Island Game Farm,zoo,US,40.8483,-72.7889,http://www.longislandgamefarm.com,3
Q6704651,Lupa Zoo,zoo,US,42.1956,-72.4893,http://www.lupazoo.org,3
Q6715234,ME's Zoo,zoo,US,40.1196,-85.209,http://meszoo.com,3
Q6761437,Maria Mitchell Aquarium,zoo,US,41.2819,-70.0959,http://www.mariamitchell.org/visit/aquarium,3
Q6792384,Maui Ocean Center,aquarium,US,20.7925,-156.5122,https://mauioceancenter.com/,3
Q6838512,Micke Grove Zoo,zoo,US,38.0792,-121.272,http://www.mgzoo.com/zoo/micke-grove/default.htm,3
Q6858365,Mill Mountain Zoo,zoo,US,37.2489,-79.9363,http://mmzoo.org,3
Q6902500,Monsanto Insectarium,zoo,US,38.6349,-90.2919,http://www.stlzoo.org/yourvisit/thingstoseeanddo/discoverycorner/insectarium,3
Q6968578,Natchitoches National Fish Hatchery,aquarium,US,31.7368,-93.0785,https://www.fws.gov/fish-hatchery/natchitoches,3
Q6980456,Natural Bridge Wildlife Ranch,zoo,US,29.6944,-98.3358,https://www.wildliferanchtexas.com/,3
Q7023514,Niabi Zoo,zoo,US,41.4427,-90.4339,http://www.niabizoo.com,3
Q7082106,Oklahoma Aquarium,zoo,US,36.0195,-95.9572,https://www.okaquarium.org,3
Q7129731,Pana'ewa Rainforest Zoo,zoo,US,19.6552,-155.075,https://www.hilozoo.org/,3
Q7205466,Plumpton Park Zoo,zoo,US,39.7042,-76.0015,http://www.plumptonparkzoo.org,3
Q7231872,Portland Aquarium,zoo,US,45.405,-122.624,http://portlandaquarium.net/,3
Q2843476,Rio Grande Botanic Garden,zoo,US,35.0933,-106.681,,3
Q116826426,Selig Zoo,zoo,US,34.0676,-118.2009,,3
Q7487448,Shambala Preserve,zoo,US,34.4403,-118.252,http://www.shambala.org,3
Q7571457,Southwick's Zoo,zoo,US,42.0646,-71.5849,http://www.southwickszoo.com,3
Q7777314,Theater of the Sea,zoo,US,24.9446,-80.6037,http://www.theaterofthesea.com,3
Q2998994,Triangle Metro Zoo,zoo,US,36.0084,-78.4994,,3
Q3542641,Ty Warner Sea Center,zoo,US,34.4105,-119.686,http://www.sbnature.org/seacenter/index.php,3
Q7980491,Welaka National Fish Hatchery,aquarium,US,29.4415,-81.6499,https://www.fws.gov/fish-hatchery/welaka,3
Q14714381,West Virginia Zoo,zoo,US,39.5021,-79.7402,http://www.westvirginiazoo.com,3
Q8000702,Wild Kingdom Train Zoo,zoo,US,40.9834,-111.892,http://www.lagoonpark.com/ride/wild-kingdom-train/,3
Q8001338,Wildlife West Nature Park,zoo,US,35.0739,-106.204,http://www.wildlifewest.org,3
Q7206302,Zoo Idaho,zoo,US,42.8427,-112.422,https://zooidaho.org/,3
Q6062578,Parque Zoológico Chorros de Milla,zoo,VE,8.6319,-71.1461,,3
Q6881335,Mitchell Park Zoo,zoo,ZA,-29.8255,31.0113,http://www.durban.gov.za/City_Services/ParksRecreation/pnature/Pages/mitchell.aspx,3
Q6171779,Córdoba Zoo,zoo,AR,-31.4267,-64.1761,,2
Q5927023,La Plata Zoo and Botanical Garden,zoo,AR,-34.9097,-57.9385,,2
Q18606304,Paraná River Aquarium,aquarium,AR,-32.9112,-60.6752,http://www.acuariodelrioparana.gob.ar/,2
Q382301,Affenberg Landskron,zoo,AT,46.6432,13.9007,http://www.affenberg.com/,2
Q1143719,Cumberland Wildpark,zoo,AT,47.8068,13.9507,https://wildpark.at/impressum,2
Q2131737,Raritätenzoo Ebbs,zoo,AT,47.6343,12.2301,https://www.raritaetenzoo.at/,2
Q24260317,Reptilienzoo Nockalm,zoo,AT,46.8237,13.8639,http://www.reptilienzoonockalm.at/,2
Q55692233,Steppentierpark Pamhagen,zoo,AT,47.7325,16.9143,http://www.steppentierpark.at/,2
Q19971497,Tiergarten Wels,zoo,AT,48.1533,14.0171,https://www.wels.gv.at/lebensbereiche/freizeit-und-sport/freizeittipps/tiergarten-wels/,2
Q130603983,Tiergarten am Schüttel,zoo,AT,48.2124,16.3963,,2
Q2432301,Tierpark Haag,zoo,AT,48.1023,14.5574,https://www.tierparkstadthaag.at,2
Q47068187,Wild- und Erlebnispark Ferleiten,zoo,AT,47.1688,12.814,http://www.wildpark-ferleiten.at/,2
Q2570809,Wildpark Ernstbrunn,zoo,AT,48.5439,16.3494,,2
Q220053,Zoo Linz,zoo,AT,48.3104,14.2634,https://www.zoo-linz.at,2
Q60458632,wildlife park Feldkirch,zoo,AT,47.245,9.5968,https://www.wildpark-feldkirch.at/,2
Q6750618,Manly Sea Life Sanctuary,aquarium,AU,-33.7991,151.281,http://www.manlysealifesanctuary.com.au/,2
Q93878742,Mugga Lane Zoo,zoo,AU,-35.3515,149.135,,2
Q109236782,Ocean Park Aquarium,aquarium,AU,-25.9805,113.5596,,2
Q70049729,Ranger Red’s Zoo & Conservation Park,zoo,AU,-32.6095,115.8664,https://redzzoo.com.au/,2
Q2400230,Animal park Eendekooi,zoo,BE,51.0396,3.9769,,2
Q26233829,De Zonnegloed,zoo,BE,50.9405,2.7526,https://www.dezonnegloed.be/nl,2
Q18229584,Limburg Zoo,zoo,BE,51.013,5.4941,,2
Q130746173,Meli Meise,zoo,BE,50.9194,4.3394,,2
Q2275068,Parc animalier de Bouillon,zoo,BE,49.7917,5.0767,https://www.parcanimalierdebouillon.be/nl,2
Q26490563,Sea Life Blankenberge,aquarium,BE,51.3183,3.1458,https://www.visitsealife.com/blankenberge/en/,2
Q44167944,ZOO Serpentarium,zoo,BE,51.3198,3.138,https://www.zooserpentarium.be/,2
Q18639853,Varna Zoo,zoo,BG,43.2106,27.9371,http://varna-zoo.com/,2
Q61958854,Bioparque Municipal Vesty Pakos,zoo,BO,-16.5743,-68.0806,,2
Q6171768,Zoológico de Fauna Sudamericana,zoo,BO,-17.7594,-63.183,,2
Q56692472,Aquário de Ubatuba,aquarium,BR,-23.4466,-45.0683,http://www.aquariodeubatuba.com.br,2
Q9626989,Belo Horizonte Aquarium,aquarium,BR,-19.8604,-44.0051,,2
Q9662083,Bosque dos Jequitibás,zoo,BR,-22.9087,-47.0494,,2
Q65171670,Jardim Zoobotânico de Franca,zoo,BR,-20.4794,-47.4036,,2
Q10323617,Mangal das Garças,zoo,BR,-1.465,-48.5057,http://www.mangaldasgarcas.com.br/,2
Q111905375,Pantanal Aquarium,aquarium,BR,-20.4557,-54.5761,https://bioparquepantanal.ms.gov.br,2
Q65160535,Parque Ecológico de São Carlos,zoo,BR,-21.9876,-47.8769,,2
Q10345158,Parque Jacarandá,zoo,BR,-19.7351,-47.9436,,2
Q18043463,Parque Zoobotânico Getúlio Vargas,zoo,BR,-13.0095,-38.5048,http://www.zoo.ba.gov.br/,2
Q10345406,Parque Zoobotânico de Teresina,zoo,BR,-5.0404,-42.7748,,2
Q56641215,Parque Zoobotânico do Museu Paraense Emílio Goeldi,zoo,BR,-1.4537,-48.4765,,2
Q64569689,Zoológico Municipal de Guarulhos,zoo,BR,-23.4426,-46.5532,https://www.guarulhos.sp.gov.br/zoologico/,2
Q10306228,Zoológico de Goiânia,zoo,BR,-16.6832,-49.2719,,2
Q2904199,Bioparc de la Gaspésie,zoo,CA,48.0411,-65.4658,http://www.bioparc.ca,2
Q108167453,Cambridge Butterfly Conservatory,zoo,CA,43.4517,-80.3673,https://www.cambridgebutterfly.com/,2
Q17508852,Elmvale Jungle Zoo,zoo,CA,44.5504,-79.8357,https://www.elmvalejunglezoo.com/,2
Q6312792,Jungle Cat World,zoo,CA,43.9936,-78.6078,http://www.junglecatworld.com,2
Q14875235,Killman Zoo,zoo,CA,43.1025,-79.9143,,2
Q7314355,Reptilia,zoo,CA,43.8333,-79.5207,http://reptilia.org,2
Q7398401,Safari Zoo Camp,zoo,CA,43.9936,-78.6078,http://www.zoocamp.com,2
Q13221728,Shaw Ocean Discovery Centre,aquarium,CA,48.6492,-123.395,http://www.oceandiscovery.ca,2
Q7876799,Ucluelet Aquarium,aquarium,CA,48.9433,-125.5458,http://uclueletaquarium.org,2
Q58212596,Arosa Bärenland,zoo,CH,46.7867,9.6645,,2
Q20850350,BärenPark Bern,zoo,CH,46.9481,7.4592,https://www.tierpark-bern.ch/tierpark-bern/baerenpark,2
Q2442063,Toni's Zoo,zoo,CH,47.1074,8.2622,https://www.toniszoo.ch/,2
Q107434467,Wildpark Brienz,zoo,CH,46.7557,8.0436,https://www.wildparkbrienz.ch/,2
Q1372195,Wildpark Bruderhaus,zoo,CH,47.4772,8.7262,http://www.bruderhaus.ch/,2
Q63256166,Wildpark Mühletäli,zoo,CH,47.342,7.9226,,2
Q2570828,Wildpark Peter und Paul,zoo,CH,47.4486,9.3875,,2
Q22955412,Wildpark Roggenhausen,zoo,CH,47.3774,8.0302,,2
Q110988745,Abidjan zoo,zoo,CI,5.3808,-4.005,,2
Q5735294,Buin Zoo,zoo,CL,-33.7151,-70.7268,http://www.buinzoo.cl/,2
Q5937644,Zoológico de Concepción,zoo,CL,-36.84,-73.0071,https://www.zooconcepcion.cl/,2
Q6171788,Zoológico de Quilpué,zoo,CL,-33.0409,-71.4518,https://zoo.quilpue.cl/,2
Q10902457,Beijing Wildlife Park,zoo,CN,39.4966,116.3337,,2
Q10946033,Ningbo Wildlife Park,zoo,CN,29.8081,121.6735,http://www.nbzoo.com,2
Q16684080,Xining Zoo,zoo,CN,36.6373,101.761,,2
Q17016128,Yunnan Wildlife Park,zoo,CN,25.0983,102.7859,,2
Q6171769,Parque de la Conservación,zoo,CO,6.2233,-75.5803,https://www.parquedelaconservacion.com/,2
Q28311035,Arenal Eco Zoo,zoo,CR,10.429,-84.7518,,2
Q65553816,La Paz Waterfall Gardens,zoo,CR,10.2044,-84.1616,http://www.waterfallgardens.com/,2
Q28311039,Monteverde Theme Park,zoo,CR,10.3155,-84.8262,,2
Q28311036,Spirogyra Butterfly Garden,zoo,CR,9.94,-84.0727,,2
Q1757139,The Ara Project,zoo,CR,10.0084,-84.1903,http://www.thearaproject.org,2
Q12031568,Crocodile ZOO Protivín,zoo,CZ,49.2003,14.2175,,2
Q114873912,Daňčí obora,zoo,CZ,49.8496,18.5397,,2
Q18106587,Faunapark Lipová-lázně,zoo,CZ,50.2246,17.1123,,2
Q13427230,Lesní koutek Ralsko,zoo,CZ,50.6171,14.709,,2
Q10861299,Minizoo Malá Chuchle,zoo,CZ,50.0228,14.3883,,2
Q68803191,Rákosův pavilon,zoo,CZ,50.1171,14.4094,,2
Q42878518,Zoo Plasy,zoo,CZ,49.9325,13.3899,http://pivovarskydvurplasy.cz/zoo/,2
Q10861300,Zookoutek Břežanské údolí,zoo,CZ,49.9689,14.4042,,2
Q112252877,Zoopark Zelčín,zoo,CZ,50.3271,14.4366,https://www.zooparkzelcin.cz/,2
Q12043772,paraZOO,zoo,CZ,49.7069,14.8969,https://www.parazoo.cz/,2
Q358501,Adlerwarte Berlebeck,zoo,DE,51.8917,8.8733,http://www.detmold-adlerwarte.de/,2
Q382294,Affen- und Vogelpark Eckenhagen,zoo,DE,50.9967,7.6919,http://www.affen-und-vogelpark.de/,2
Q382304,Affenberg Salem,zoo,DE,47.7597,9.2472,https://www.affenberg-salem.de/,2
Q545428,Anholter Schweiz,zoo,DE,51.8345,6.43,https://www.anholter-schweiz.de,2
Q15106696,Aquarium Wilhelmshaven,aquarium,DE,53.5134,8.1444,https://aquarium-wilhelmshaven.de/,2
Q59195595,Bayerwald-Tierpark Lohberg,zoo,DE,49.1714,13.0892,https://www.bayerwald-tierpark.de/,2
Q28498767,Bergtierpark Blindham,zoo,DE,47.9298,11.8125,https://www.bergtierpark.de/,2
Q821403,Berliner Aquarium Unter den Linden,zoo,DE,52.517,13.3834,,2
Q125949518,Dinklage Wildlife Park,zoo,DE,52.6571,8.1381,https://wildpark-dinklage.de/#wildpark,2
Q15110165,Eifel-Zoo,zoo,DE,50.1522,6.3268,http://www.eifel-zoo.de/,2
Q1384171,Exotarium Oberhof,zoo,DE,50.7069,10.7244,http://www.exotarium-oberhof.de/,2
Q18020552,Greifvogelpark Katharinenberg,zoo,DE,50.032,12.0061,http://www.falknerei-katharinenberg.de/,2
Q20113336,Grünes Meer,zoo,DE,50.5261,9.0719,,2
Q1516761,Harzfalkenhof,zoo,DE,51.608,10.5345,https://harzfalkenhof.de/,2
Q1591327,Haustierhof Reutemühle,zoo,DE,47.7847,9.1989,,2
Q1595518,Heimat-Tierpark Olderdissen,zoo,DE,52.0206,8.5011,,2
Q1246693,Hochwildpark Rheinland,zoo,DE,50.6064,6.6789,http://www.hochwildpark-rheinland.de/,2
Q1678192,Jaderpark,zoo,DE,53.3269,8.1883,https://www.jaderpark.de,2
Q15134917,Johannismühle wildlife park,zoo,DE,52.0169,13.5178,https://www.wildpark-johannismuehle.de,2
Q51146219,Kleinzoo Wasserstern,zoo,DE,48.7653,11.4025,http://www.wasserstern.de/,2
Q1815378,Leintalzoo Schwaigern,zoo,DE,49.1422,9.0753,https://www.tierpark-schwaigern.de/,2
Q18288410,Meereszentrum Fehmarn,aquarium,DE,54.4458,11.1808,https://www.meereszentrum.de/,2
Q1969865,Naturwildpark Freisen,zoo,DE,49.5637,7.2337,http://www.naturwildpark-freisen.de/,2
Q1702529,Noctalis,zoo,DE,53.9362,10.3166,https://noctalis.de/,2
Q2014423,Oderbruchzoo,zoo,DE,52.7625,14.1672,,2
Q2145304,Reptilium Terrarien- und Wüstenzoo Landau,zoo,DE,49.1913,8.13,https://www.reptilium-landau.de/,2
Q2261870,Sea Life Königswinter,aquarium,DE,50.6733,7.1925,https://www.visitsealife.com/en/konigswinter/,2
Q2265008,Seehundstation Friedrichskoog,zoo,DE,54.0008,8.8756,https://www.seehundstation-friedrichskoog.de,2
Q2265011,Seehundstation Norddeich,zoo,DE,53.6128,7.1594,http://www.seehundstation-norddeich.de/,2
Q2298879,Solinger Vogel- und Tierpark,zoo,DE,51.1608,6.9842,,2
Q1424855,Sylt Aquarium,aquarium,DE,54.9009,8.2978,http://www.syltaquarium.de/,2
Q123503730,Tatzmania Löffingen,zoo,DE,47.9037,8.3424,https://www.tatzmania.com/,2
Q2405070,TerraZoo Rheinberg,zoo,DE,51.5383,6.6133,,2
Q2405073,TerraZoo Sontra,zoo,DE,51.0803,9.9572,https://www.terrazoo.de/,2
Q1373447,Tier- und Freizeitpark Thüle,zoo,DE,52.9585,7.9191,http://tier-freizeitpark.de/,2
Q26794497,"Tier-, Freizeit- und Saurierpark Germendorf",zoo,DE,52.7469,13.1567,http://www.freizeitpark-germendorf.de/,2
Q2432171,Tiergarten Bernburg,zoo,DE,51.7942,11.7281,http://www.tiergarten-bernburg.de/,2
Q2432172,Tiergarten Delitzsch,zoo,DE,51.5278,12.3175,http://tiergarten-delitzsch.de/,2
Q1559777,Tiergarten Falkenstein,zoo,DE,50.4785,12.3713,http://www.stadt-falkenstein.de/tourismus/tiergarten-falkenstein/,2
Q111525417,Tiergarten Fasanerie Groß-Gerau,zoo,DE,49.9037,8.481,http://tiergarten-grossgerau.de/,2
Q2432176,Tiergarten Halberstadt,zoo,DE,51.8728,11.042,http://www.halberstadt.de/de/tiergarten_1_kultur.html,2
Q1676123,Tiergarten Hannover,zoo,DE,52.3661,9.8358,,2
Q1419082,Tiergarten Mönchengladbach,zoo,DE,51.1399,6.4587,https://www.tiergarten-moenchengladbach.de/,2
Q1340792,Tiergarten Neustrelitz,zoo,DE,53.3569,13.0678,https://www.tiergarten-neustrelitz.de/,2
Q2432191,Tiergarten Staßfurt,zoo,DE,51.8479,11.5816,http://www.lebenshilfe-boerdeland.de/kulturfreizeitgastronomie/tiergarten/,2
Q2432188,Tiergarten Stendal,zoo,DE,52.5986,11.8461,http://www.tiergarten-stendal.de/,2
Q71028343,Tiergarten Teltow,zoo,DE,52.3978,13.2867,https://tiergarten-teltow.de/,2
Q1624934,Tiergarten Ulm,zoo,DE,48.4103,10.0119,http://www.tiergarten.ulm.de/,2
Q2432195,Tiergarten Worms,zoo,DE,49.6158,8.3714,https://www.tiergarten-worms.de/,2
Q2432263,Tierpark Alsdorfer Weiher,zoo,DE,50.8635,6.1506,https://tierpark-alsdorf.de/,2
Q2432266,Tierpark Angermünde,zoo,DE,53.0119,13.9944,https://tierpark-angermuende.de/,2
Q110324148,Tierpark Bad Kösen,zoo,DE,51.1326,11.7205,https://www.tierpark-badkoesen.de/,2
Q1315270,Tierpark Bad Liebenstein,zoo,DE,50.8203,10.3547,http://www.tierpark-bad-liebenstein.de/,2
Q2432277,Tierpark Eilenburg,zoo,DE,51.4529,12.6316,https://tierpark-eilenburg.de/,2
Q1301309,Tierpark Fauna,zoo,DE,51.2134,7.0833,http://www.tierpark-fauna.de/,2
Q70873410,Tierpark Freiberg,zoo,DE,50.9136,13.3308,,2
Q1423088,Tierpark Gettorf,zoo,DE,54.4031,9.9764,https://tierparkgettorf.de,2
Q1591277,Tierpark Herborn,zoo,DE,50.7019,8.2669,https://www.tierpark-herborn.de/,2
Q2432287,Tierpark Herford,zoo,DE,52.1066,8.7184,http://www.tierpark-herford.de/,2
Q110965513,Tierpark Hexentanzplatz,zoo,DE,51.7301,11.0237,https://www.bodetal.de/bodetalurlaub/tierpark/,2
Q20666027,Tierpark Klosterwald,zoo,DE,50.4949,8.787,https://www.tierpark-klosterwald.de/,2
Q2432293,Tierpark Limbach-Oberfrohna,zoo,DE,50.8522,12.7524,https://www.amerika-tierpark.de/,2
Q1527494,Tierpark Nadermann,zoo,DE,51.7968,8.4966,https://www.tierpark-nadermann.de/,2
Q110964006,Tierpark Nymphaea,zoo,DE,48.7243,9.3336,https://www.tierpark-nymphaea.de,2
Q1695896,Tierpark Perleberg,zoo,DE,53.0639,11.8583,http://www.tierparkperleberg.de/,2
Q2432185,Tierpark Recklinghausen,zoo,DE,51.6204,7.1843,https://tierpark-recklinghausen.de/,2
Q1487826,Tierpark Rheinböllen,zoo,DE,50.031,7.6622,https://www.tierpark-rheinboellen.de/,2
Q104725180,Tierpark Senftenberg,zoo,DE,51.5147,14.0055,,2
Q2432304,Tierpark Ströhen,zoo,DE,52.5364,8.7094,http://www.tierpark-stroehen.de/,2
Q19310052,Tierpark Suhl,zoo,DE,50.6113,10.7187,http://www.tierpark-suhl.eu/,2
Q1628644,Tierpark Weißwasser,zoo,DE,51.5114,14.6331,http://www.tierpark-weisswasser.de/,2
Q27926364,Tierpark Wismar,zoo,DE,53.8882,11.4311,http://www.tierpark-wismar.de/,2
Q54940210,Tierpark Wittenberg,zoo,DE,51.8693,12.6408,http://www.tierpark-wittenberg.de/,2
Q1521397,Tierpark Wolgast,zoo,DE,54.0721,13.7733,http://www.tierparkwolgast.de/,2
Q15850928,Tigerpark Dassow,zoo,DE,53.9038,11.0034,https://tigerpark.de/,2
Q1355417,"Trappenkamp, Naturerlebnisraum Erlebniswald",zoo,DE,54.0225,10.2348,,2
Q108749991,Trassenheide butterfly farm,zoo,DE,54.0804,13.8686,,2
Q1724108,Tropenzoo Bansin,zoo,DE,53.9697,14.1386,http://www.tropenhaus-bansin.eu/,2
Q2529929,Vogelburg,zoo,DE,50.3311,8.3439,http://www.vogelburg.de/,2
Q2530013,Vogelpark Abensberg,zoo,DE,48.8042,11.8261,https://www.vogelpark-abensberg.de,2
Q2530017,Vogelpark Biebesheim,zoo,DE,49.7761,8.4581,,2
Q2530026,Vogelpark Heiligenkirchen,zoo,DE,51.8994,8.8567,https://www.vogelpark-heiligenkirchen.de/,2
Q2530029,Vogelpark Niendorf,zoo,DE,53.986,10.815,https://www.vogelpark-niendorf.de/,2
Q19968232,Vogelpark Viernheim,zoo,DE,49.5512,8.582,https://www.vogelpark-viernheim.de/,2
Q2570242,Wild- und Freizeitpark Allensbach,zoo,DE,47.7419,9.0461,https://www.wildundfreizeitpark.de/,2
Q18029651,Wild- und Freizeitpark Ostrittrum,zoo,DE,52.9723,8.3448,http://www.freizeitpark-ostrittrum.de/,2
Q1280090,Wild-Park Klaushof,zoo,DE,50.2242,10.0394,,2
Q1245716,Wildfreigehege Bend,zoo,DE,51.08,6.5872,,2
Q101749588,Wildgatter Oberrabenstein,zoo,DE,50.8338,12.8027,https://www.chemnitz.de/chemnitz/de/leben-in-chemnitz/freizeit/tierpark/wildgatter/index.html,2
Q1746922,Wildgehege Hellenthal,zoo,DE,50.5017,6.4269,http://www.greifvogelstation-hellenthal.de,2
Q14546448,Wildgehege Moritzburg,zoo,DE,51.1733,13.6982,,2
Q1605346,Wildparadies Tripsdrill,zoo,DE,49.0268,9.0453,https://www.tripsdrill.de/de/wildparadies,2
Q2570781,Wildpark Alte Fasanerie,zoo,DE,50.0811,8.9081,,2
Q2570855,Wildpark An den Eichen,zoo,DE,50.065,10.2442,https://www.schweinfurt.de/leben-freizeit/wildpark/index.html,2
Q98755977,Wildpark Brudergrund,zoo,DE,49.6596,8.9684,,2
Q2570796,Wildpark Donsbach,zoo,DE,50.7186,8.2408,https://www.wildpark-donsbach.de/,2
Q16295423,Wildpark Eslarn,zoo,DE,49.5464,12.54,https://www.baysf.de/de/wald-erkunden/ausflugsziele-tipps/der-wildpark-stueckberg-eslarn-boehmische-hirsche-mufflon-und-schwarzkittel.html,2
Q1440716,Wildpark Gersfeld,zoo,DE,50.4402,9.9417,http://www.wildpark-gersfeld.de/,2
Q2570811,Wildpark Hundshaupten,zoo,DE,49.717,11.23,https://www.wildpark-hundshaupten.de/,2
Q56452367,Wildpark Knüll,zoo,DE,50.9883,9.4331,http://www.wildpark-knuell.de/,2
Q2570817,Wildpark Mainz-Gonsenheim,zoo,DE,50.0061,8.2037,,2
Q58415175,Wildpark Müden,zoo,DE,52.8702,10.1131,https://www.wildparkmueden.de/,2
Q2570821,Wildpark Neuhaus,zoo,DE,51.7474,9.522,http://www.wildpark-neuhaus.de/,2
Q2570832,Wildpark Pforzheim,zoo,DE,48.8746,8.7153,,2
Q2570833,Wildpark Poing,zoo,DE,48.1756,11.8303,https://www.wildpark-poing.de/,2
Q2570838,Wildpark Reuschenberg,zoo,DE,51.0554,6.9819,https://www.wildpark-lev.de/,2
Q23900982,Wildpark Rolandseck,zoo,DE,50.6277,7.2051,,2
Q55447887,Wildpark Saarbrücken,zoo,DE,49.2522,7.0316,https://www.saarbruecken.de/wildpark,2
Q2570849,Wildpark Schloss Tambach,zoo,DE,50.2328,10.8656,http://www.wildpark-tambach.de/,2
Q2570842,Wildpark Schorfheide,zoo,DE,52.9229,13.5522,,2
Q2570846,Wildpark Schwarze Berge,zoo,DE,53.4408,9.8844,http://www.wildpark-schwarze-berge.de/,2
Q2570851,Wildpark Tannenbusch,zoo,DE,51.0811,6.7889,,2
Q1478370,Wildpark Tiergarten Weilburg,zoo,DE,50.4886,8.3275,https://www.wildpark-weilburg.de/,2
Q24039827,Wildpark Waldhaus Mehlmeisel,zoo,DE,49.9636,11.8413,https://www.waldhaus-mehlmeisel.de/,2
Q1739461,Wildpark Weißewarte,zoo,DE,52.4697,11.8679,http://www.wildpark-weissewarte.de/,2
Q1261659,Wildpark im Grafenberger Wald,zoo,DE,51.2491,6.8427,http://www.wildpark-duesseldorf.de/,2
Q1969880,Wildpark-MV,zoo,DE,53.7889,12.2242,http://www.wildpark-mv.de/,2
Q2570807,WildtierPark Edersee,zoo,DE,51.1861,9.0417,https://www.wildtierpark-edersee.eu/,2
Q2570929,Wildwald Voßwinkel,zoo,DE,51.4575,7.8828,https://www.wildwald.de/,2
Q2588883,Wolfcenter Barme,zoo,DE,52.8272,9.2132,https://wolfcenter.de,2
Q2589027,Wolfgang-Köhler-Primaten-Forschungszentrum,zoo,DE,51.3532,12.3656,,2
Q123686173,Wolfspark Werner Freund,zoo,DE,49.4726,6.643,http://www.wolfspark-wernerfreund.de/98language/20francais/index-FR.html,2
Q219996,Zoo Aschersleben,zoo,DE,51.7522,11.4392,http://www.aschersleben-zoo.de/,2
Q2432183,Zoo Cleves,zoo,DE,51.7991,6.1219,http://www.tiergarten-kleve.de/,2
Q2432298,Zoo Stralsund,zoo,DE,54.317,13.0503,https://zoo.stralsund.de/,2
Q16295025,Zoo Zabakuck,zoo,DE,52.4586,12.2116,http://www.tierpark-zabakuck.de/,2
Q105825209,Zoo am Rammelsberg,zoo,DE,51.3174,9.437,,2
Q53584875,Zoo der Minis,zoo,DE,50.5825,12.7113,http://www.zooderminis.de/index.asp,2
Q220255,Zoologischer Garten Hof,zoo,DE,50.3308,11.9247,https://www.zoo-hof.de/,2
Q12300112,AQUA Akvarium & Dyrepark,aquarium,DK,56.1533,9.561,http://www.visitaqua.dk,2
Q12314978,Hadsund Dyrehave,zoo,DK,56.7246,10.1147,http://www.hadsunddyrehave.dk/,2
Q12341733,ZOOPARK,zoo,DK,55.2207,11.7233,,2
Q12207361,Faiyum Zoo,zoo,EG,29.32,30.852,,2
Q5711821,Alborania-Aula del Mar Museum,aquarium,ES,36.7182,-4.4162,,2
Q12168351,Butterfly Farm,zoo,ES,28.3673,-16.7222,http://www.mariposario.com/,2
Q5802023,Deltarium,zoo,ES,40.7092,0.8178,,2
Q1805628,Lanzarote Aquarium,aquarium,ES,29.0037,-13.4873,http://www.aquariumlanzarote.com/,2
Q64495279,Monkey Park,zoo,ES,28.061,-16.6923,https://www.monkeypark.com/es,2
Q20616351,Parque Faunístico de Lacuniacha,zoo,ES,42.6959,-0.336,https://www.lacuniacha.es/,2
Q5396496,Doghill,zoo,FI,61.5037,23.7396,,2
Q11895750,Särkänniemi Aquarium,aquarium,FI,61.505,23.7431,,2
Q2859172,Aquarium de Guadeloupe,aquarium,FR,16.218,-61.5038,https://www.aquariumdelaguadeloupe.com/,2
Q2859178,Aquarium de Vannes,aquarium,FR,47.6384,-2.7635,,2
Q2859181,Aquarium du Limousin,aquarium,FR,45.8276,1.2599,https://aquariumdulimousin.com/,2
Q2859184,Aquarium du Périgord noir,aquarium,FR,44.9145,0.9316,http://aquariumperigordnoir.com/,2
Q2859190,Aquarium of Trégastel,aquarium,FR,48.8329,-3.5142,http://www.aquarium-tregastel.com,2
Q2908963,Bois d'Attilly,zoo,FR,48.7458,2.6656,https://www.zoo-attilly.fr/,2
Q113284550,Domaine des Oiseaux,zoo,FR,43.264,1.6612,https://www.ville-mazeres.fr/Domaine-des-Oiseaux/,2
Q16507751,Domaine zoologique de Pescheray,zoo,FR,47.9925,0.5015,http://www.pescheray.com/,2
Q3162628,Jardin zoologique de Marseille,zoo,FR,43.3051,5.3964,,2
Q110088049,La Tanière,zoo,FR,48.4499,1.5513,https://lataniere-refuge.fr/,2
Q3214175,La planète des Crocodiles,zoo,FR,46.4499,0.6642,https://www.terre-de-dragons.com/,2
Q3228523,Le rocher des aigles,zoo,FR,44.8019,1.6125,http://www.rocherdesaigles.com,2
Q123785427,NaturoSpace,zoo,FR,49.4257,0.2294,https://www.naturospace.com/,2
Q16509816,Océarium Le Croisic,aquarium,FR,47.2939,-2.5092,http://www.ocearium-croisic.fr,2
Q3363768,Parc Argonne Découverte,zoo,FR,49.3505,4.7934,https://www.parc-argonne-decouverte.fr/,2
Q17347161,Parc animalier de Charleville-Mézières,zoo,FR,49.7696,4.7771,http://www.charleville-mezieres.fr/Sport-et-loisirs/Les-loisirs/Parc-animalier,2
Q3363933,Parc animalier de Courzieu,zoo,FR,45.7518,4.6006,http://www.parc-de-courzieu.fr,2
Q3363936,Parc animalier de Gramat,zoo,FR,44.759,1.7272,https://www.gramat-parc-animalier.com/,2
Q115166386,Parc animalier des Gorges de l'Ardèche,zoo,FR,44.3492,4.3469,https://www.parcanimalier07.com/,2
Q3364799,Parc zoologique et forestier Michel-Corbasson,zoo,FR,-22.2583,166.4569,https://www.province-sud.nc/divers/parc-zoologique-forestier,2
Q3364810,Parc à loups du Gévaudan,zoo,FR,44.3623,3.1657,http://www.loupsdugevaudan.com,2
Q3290344,Planet Ocean Montpellier,aquarium,FR,43.6033,3.917,https://www.planetoceanworld.fr/,2
Q24932132,Reptiland,zoo,FR,44.9297,1.6174,http://www.reptiland.fr/,2
Q64875484,Rocamadour Monkey Forest,zoo,FR,44.8035,1.6345,https://www.la-foret-des-singes.com/en/,2
Q2859169,"Sealand, Noirmoutier",aquarium,FR,46.9993,-2.2476,,2
Q18214522,Théâtre de Poséidon,aquarium,FR,49.1331,2.5705,https://www.parcasterix.fr/spectacles-du-parc/reverence,2
Q3558984,Village des tortues,zoo,FR,43.3016,6.2104,https://www.tortupole.com/,2
Q18785823,Zoo des 3 vallées,zoo,FR,43.7071,2.3277,http://www.zoodes3vallees.fr/,2
Q5002963,"Butterfly World, Isle of Wight",zoo,GB,50.7113,-1.2545,http://www.butterfly-world-iow.co.uk,2
Q107637943,Heythrop Zoological Gardens,zoo,GB,51.9447,-1.4592,,2
Q122308266,Macduff Marine Aquarium,aquarium,GB,57.672,-2.4917,https://www.macduff-aquarium.org.uk/,2
Q6900809,Monkey Sanctuary,zoo,GB,50.3654,-4.4136,http://www.monkeysanctuary.org,2
Q6978303,National Sea Life Centre,aquarium,GB,52.4788,-1.9135,http://www.sealifeeurope.com,2
Q7007642,New Forest Wildlife Park,zoo,GB,50.886,-1.4983,http://www.newforestwildlifepark.co.uk/,2
Q60747169,Oxford Zoo,zoo,GB,51.8125,-1.2772,,2
Q7845760,"Tropical Birdland, Leicestershire",zoo,GB,52.631,-1.297,http://www.tropicalbirdland.com/,2
Q4782841,Aquaworld Aquarium,aquarium,GR,35.317,25.3893,http://www.aquaworld-crete.com/,2
Q114420681,Aquarium Pula,aquarium,HR,44.8353,13.8331,,2
Q1421031,Bear Farm Veresegyház,zoo,HU,47.6313,19.2557,http://medveotthon.hu/,2
Q20819836,Budakeszi Game Preserve,zoo,HU,47.5249,18.9234,http://www.vadaspark-budakeszi.hu/,2
Q20746419,Debrecen Amusement Park,zoo,HU,47.5522,21.635,http://www.zoodebrecen.hu/,2
Q22158063,Tropicarium,aquarium,HU,47.4078,19.0181,,2
Q30672224,Bali Butterfly Park,zoo,ID,-8.4802,115.1316,,2
Q75331465,Bali Zoo,zoo,ID,-8.592,115.2666,,2
Q5565036,Gita Persada Butterfly Park,zoo,ID,-5.42,105.1886,,2
Q60768800,Kemenuh Butterfly Park,zoo,ID,-8.5727,115.2867,,2
Q12490160,Pematang Siantar Zoo,zoo,ID,2.9526,99.0588,,2
Q113135621,Bio Ramon,zoo,IL,30.6098,34.8048,https://www.parks.org.il/reserve-park/chay-ramon/,2
Q113232241,Birding center in Eilat,zoo,IL,29.5728,34.9724,https://eilatbirds.com/,2
Q16339796,Chai park,zoo,IL,32.8453,35.081,http://www.haypark.co.il,2
Q42796626,Gan Guru,zoo,IL,32.5078,35.4477,http://www.nirtours.co.il/%D7%92%D7%9F_%D7%92%D7%95%D7%A8%D7%95,2
Q16132548,Hai Kef,zoo,IL,31.9751,34.789,,2
Q31197279,Israel Antelope Ranch,zoo,IL,30.5779,35.1827,http://www.afrika.co.il/,2
Q38882839,Petah Tikva Zoo,zoo,IL,32.0877,34.8739,,2
Q136261853,Solomon's Animals,zoo,IL,31.6608,35.2645,,2
Q16132554,Tel Aviv University Zoo,zoo,IL,32.1122,34.8083,http://zoo.tau.ac.il/,2
Q41636597,Zoo-Botanical Garden Nahariya,zoo,IL,33.0256,35.1007,,2
Q4746784,Amirthi Zoological Park,zoo,IN,12.7324,79.0567,http://www.vellore.tn.nic.in/amirthi_zoological_park.htm,2
Q18125200,Gopalpur Zoo,zoo,IN,32.1389,76.449,,2
Q138667725,Jambu Zoo,zoo,IN,32.7919,74.8927,https://jambuzoo.org/,2
Q6349213,Kakanakote,zoo,IN,11.8986,76.2028,,2
Q130365128,Kanan Pendari Zoo,zoo,IN,22.112,82.062,,2
Q118107423,Menjor Multipurpose Research Centre and Unity Park,zoo,IN,24.619,94.0179,,2
Q107079912,Nandanvan Jungle Safari,zoo,IN,21.0985,81.7778,https://www.junglesafari.cg.nic.in/,2
Q61368132,Siddharth Garden and Zoo,zoo,IN,19.8793,75.3148,,2
Q120715772,Shiraz Zoo,zoo,IR,29.7646,52.663,,2
Q5939541,Vakilabad Zoo,zoo,IR,36.3383,59.4471,,2
Q3604677,Acquario dell'Elba,aquarium,IT,42.754,10.2497,http://www.acquarioelba.com,2
Q16337425,Aquarium of Syracuse,aquarium,IT,37.0579,15.2927,,2
Q133755718,Butterfly house of Bordano,zoo,IT,46.3138,13.1074,https://www.bordanofarfalle.it/,2
Q16336127,Cala Gonone aquarium,aquarium,IT,40.2796,9.6329,http://www.acquariocalagonone.it/,2
Q3678441,Città della Domenica,zoo,IT,43.1132,12.3433,http://www.cittadelladomenica.it/,2
Q3604676,Municipal Aquarium (Livorno),aquarium,IT,43.5354,10.2994,https://www.acquariodilivorno.it/,2
Q55434355,Parco Faunistico di Spormaggiore,zoo,IT,46.2124,11.0477,http://www.parcofaunistico.tn.it,2
Q3678768,Public marine aquarium of Trieste,aquarium,IT,45.6482,13.7627,https://aquariomarinotrieste.it/,2
Q11636941,Adachi Park of Living Things,aquarium,JP,35.7924,139.8072,https://seibutuen.jp/,2
Q11594892,Akiyoshidai Safari Land,zoo,JP,34.2843,131.3329,https://www.safariland.jp/,2
Q4739454,Amami Islands Botanical Garden,zoo,JP,28.2456,129.41,,2
Q38266933,Aquamarine Inawashiro Kingfishers Aquarium,aquarium,JP,37.5614,140.0746,https://www.aquamarine.or.jp/kawasemi/,2
Q11257046,Aquapia Akutagawa,aquarium,JP,34.8641,135.5921,https://www.city.takatsuki.osaka.jp/life/6/60/310/,2
Q116921556,Art Aquarium Museum,aquarium,JP,35.6714,139.7657,https://artaquarium.jp/,2
Q97539508,Awaji Farm Park England Hill,zoo,JP,34.3076,134.8015,https://www.england-hill.com/,2
Q138936537,Awajishima Monkey Center,zoo,JP,34.2454,134.8833,https://monkey-center.jp/english.php,2
Q83789636,Awashima Marine Park,aquarium,JP,35.0336,138.89,http://marinepark.jp/english/,2
Q11657210,Bear Garden,zoo,JP,39.9139,140.5361,http://hahaha.akita.jp/wp/kumakuma/,2
Q11297401,Campbelltown Forest of Wild Birds,zoo,JP,35.9142,139.8019,https://yacho-nomori.kosi-kanri.com/,2
Q11455860,Fuji Safari Park,zoo,JP,35.26,138.8106,https://www.fujisafari.co.jp/,2
Q11594327,Fukuchiyama City Zoo,zoo,JP,35.3111,135.1378,http://www.sandanike-kouen.or.jp/zoo.php,2
Q11609531,Gunma Safari Park,zoo,JP,36.2257,138.8852,https://www.safari.co.jp/,2
Q11557788,Hamamatsu Zoological Gardens,zoo,JP,34.7647,137.6306,https://hamazoo.net/,2
Q11610196,Hamura Zoo,zoo,JP,35.766,139.3288,http://www.t-net.ne.jp/~hamura-z/html/en/,2
Q11587774,Hekinan Seaside Aquarium,aquarium,JP,34.8802,136.982,https://www.city.hekinan.lg.jp/aquarium/,2
Q11510043,Hitachi Kamine Zoo,zoo,JP,36.6068,140.6583,https://www.city.hitachi.lg.jp/zoo/,2
Q11480016,Ichihara Elephant Kingdom,zoo,JP,35.3548,140.1824,https://zounokuni.com/english/,2
Q11480258,Ichikawa Zoological & Botanical Garden,zoo,JP,35.7648,139.9652,https://www.city.ichikawa.lg.jp/zoo/,2
Q11259212,Ishikawa Zoo,zoo,JP,36.4336,136.5454,https://www.ishikawazoo.jp/,2
Q11396953,Itōzu no Mori Zoological Park,zoo,JP,33.8744,130.8461,https://www.itozu-zoo.jp/,2
Q11380529,Izu Animal Kingdom,zoo,JP,34.7971,139.0395,http://izu-kamori.jp/izu-biopark/,2
Q11309982,Japan Snake Center,zoo,JP,36.3624,139.3222,https://www.snake-center.com/,2
Q11498237,Kakegawa Kachoen,zoo,JP,34.7612,138.0151,https://k-hana-tori.com/eng,2
Q55237812,Kakuzan Zoo,zoo,JP,35.0618,134.0064,,2
Q11543159,Kanazawa Zoo,zoo,JP,35.3501,139.5994,https://www.hama-midorinokyokai.or.jp/zoo/kanazawa/,2
Q21652750,Kasumigaura City Aquarium,aquarium,JP,36.0716,140.376,https://www.dane-kerry.com/aquarium.html,2
Q11426136,Kinosaki Marine World,aquarium,JP,35.6558,134.8249,https://marineworld.hiyoriyama.co.jp/,2
Q11537258,Kiryū-ga-oka Park,zoo,JP,36.4237,139.341,http://www.city.kiryu.lg.jp/zoo/,2
Q11463704,Komoro City Zoo,zoo,JP,36.3266,138.4192,https://www.city.komoro.lg.jp/soshikikarasagasu/kaikoenjimusho/shisetsuannai/1/midori/,2
Q11663873,Kuragaike Park,zoo,JP,35.0985,137.2168,https://kuragaikepark.com/,2
Q11369532,Kurume City Bird Center,zoo,JP,33.3194,130.5282,https://kurumekoen.org/birdc/,2
Q11618188,Kusatsu Tropical Wonderland,zoo,JP,36.6226,138.6047,http://nettaiken.com/,2
Q11648278,Kushiro Zoo,zoo,JP,43.0812,144.2365,https://www.city.kushiro.lg.jp/zoo/,2
Q99611864,Kōchi Prefectural Ashizuri Aquarium Satoumi,aquarium,JP,32.7913,132.8629,https://kaiyoukan.jp/,2
Q11578268,Machida Squirrel Garden,zoo,JP,35.5781,139.4497,https://www.machida-risuen.com/,2
Q11341120,Marinepia Matsushima Aquarium,aquarium,JP,38.3676,141.0598,http://www.marinepia.co.jp/,2
Q11408304,Minami Chita Beach Land,aquarium,JP,34.7863,136.8557,https://www.beachland.jp/,2
Q123566518,Minatoyama Aquarium,aquarium,JP,34.6896,135.1654,https://minatoyama.jp/,2
Q11279914,Moguranpia,aquarium,JP,40.2213,141.8157,https://www.moguranpia.com/,2
Q11344566,Mollusco Mugi,aquarium,JP,33.6671,134.4436,https://www.mollusco-mugi.jp/,2
Q11480658,Muroran Aquarium,aquarium,JP,42.3398,140.9437,http://www.iburi.net/murosui/,2
Q11324991,NEW REOMA WORLD,zoo,JP,34.212,133.8784,http://www.newreomaworld.com/,2
Q11654197,Nagano Chausuyama Zoo,zoo,JP,36.5867,138.1154,http://www.chausuyama.com/,2
Q11652345,Nagasaki Bio Park,zoo,JP,32.9898,129.7864,http://www.biopark.co.jp/,2
Q48752477,Nagisa Aquarium,aquarium,JP,33.9513,132.4379,https://nagisapark.jimdofree.com/%E3%81%AA%E3%81%8E%E3%81%95%E6%B0%B4%E6%97%8F%E9%A4%A8/,2
Q11325259,Neo Park Okinawa,zoo,JP,26.6107,127.9915,https://www.neopark.co.jp/,2
Q21654084,Nifrel,aquarium,JP,34.8064,135.5336,https://www.nifrel.jp/,2
Q11502898,Niigata City Aquarium Marinepia Nihonkai,aquarium,JP,37.9236,139.028,https://www.marinepia.or.jp/mlg/zh-tw,2
Q11672436,Noichi Zoological Park of the Kochi Prefecture,zoo,JP,33.5711,133.7058,https://noichizoo.or.jp/,2
Q11325868,North Safari Sapporo,zoo,JP,42.947,141.223,https://www.north-safari.com/,2
Q11262347,Obihiro Zoo,zoo,JP,42.9021,143.1846,https://www.city.obihiro.hokkaido.jp/zoo/,2
Q11650572,Ojiya Nishikigoi no Sato,aquarium,JP,37.3111,138.7953,https://www.nishikigoinosato.jp/,2
Q11526061,Okazaki City Higashi Park,zoo,JP,34.953,137.1919,http://www.city.okazaki.aichi.jp/1100/1107/1149/p006023.html,2
Q11446176,Okuhida Bear Park,zoo,JP,36.2193,137.5431,https://kumabokujyo.com/,2
Q11437989,Omachi Alpine Museum,zoo,JP,36.5052,137.8706,https://www.omachi-sanpaku.com/,2
Q11549303,Osaka Water Museum,aquarium,JP,34.7244,135.5054,https://www.city.osaka.lg.jp/suido/page/0000412074.html,2
Q11582155,Sagamigawa Fureai Science Museum,aquarium,JP,35.5474,139.3289,https://sagamigawa-fureai.com/,2
Q11305053,Sahoro Resort Bear Mountain,zoo,JP,43.1781,142.8078,https://bear-mt.jp/,2
Q11267523,Saitama Aquarium,aquarium,JP,36.1731,139.5979,https://www.parks.or.jp/suizokukan/,2
Q11266568,Saitama Children's Zoo,zoo,JP,35.9981,139.3739,https://www.parks.or.jp/sczoo/,2
Q7425054,Sakai National Park Kujukushima Zoo & Botanical Garden,zoo,JP,33.1512,129.6895,https://morikirara.jp/,2
Q11521425,Sapporo Salmon Museum,aquarium,JP,43.0011,141.3433,https://salmon-museum.jp/lang/zh-tw,2
Q11490912,Shima Marineland,aquarium,JP,34.3109,136.8194,,2
Q11361202,Shimoda Aquarium,aquarium,JP,34.6661,138.946,https://shimoda-aquarium.com/shimoda-aquarium-overview/,2
Q11508065,Shizuoka Municipal Nihondaira Zoo,zoo,JP,34.98,138.4403,https://www.nhdzoo.jp/,2
Q11305917,Sunpiazza Aquaruim,aquarium,JP,43.0369,141.4717,https://www.sunpiazza-aquarium.com/,2
Q11664521,Suzaka Zoo,zoo,JP,36.6408,138.3142,https://www.city.suzaka.nagano.jp/suzaka_zoo/,2
Q11265357,Taiji Whale Museum,aquarium,JP,33.6019,135.9458,http://www.kujirakan.jp/,2
Q11599117,Takeshima Aquarium,aquarium,JP,34.817,137.2322,https://www.city.gamagori.lg.jp/site/takesui/,2
Q11673927,Tango Uocchikan,aquarium,JP,35.5562,135.2552,https://www.kepco.co.jp/corporate/profile/community/pr/miyazu/,2
Q11621781,Tateshina Amusement Aquarium,aquarium,JP,36.0666,138.3028,https://www.tateshina-aquarium.jp/,2
Q61722200,Teradomari Aquarium,aquarium,JP,37.6339,138.7603,https://aquarium-teradomari.jp/language,2
Q11526117,Tohoku Safari Park,zoo,JP,37.6386,140.3667,http://tohoku-safaripark.co.jp/,2
Q11416862,Tokuyama Zoo,zoo,JP,34.0614,131.8149,https://tokuyama-zoo.jp/,2
Q11456382,Toyama Municipal Family Park Zoo,zoo,JP,36.6909,137.1482,http://www.toyama-familypark.jp/,2
Q11633858,Toyohashi Zoo and Botanical Park,zoo,JP,34.7211,137.4319,https://www.nonhoi.jp/,2
Q48749937,Utsunomiya Zoo,zoo,JP,36.633,139.8546,http://utsunomiya-zoo.com/,2
Q11596319,Wakkanai Noshappu Aquarium,aquarium,JP,45.4493,141.6449,https://www.city.wakkanai.hokkaido.jp/suizokukan/,2
Q11465797,Yama no Aquarium,aquarium,JP,43.7543,143.5003,https://onneyu-aq.com/,2
Q11431697,Yumemigasaki Zoological Park,zoo,JP,35.5491,139.6652,https://www.yumemizoo.com/,2
Q11371781,Zero Distance Aquarium Ise Sea Paradise,aquarium,JP,34.5072,136.7919,https://ise-seaparadise.com/,2
Q11224474,iZoo,zoo,JP,34.7309,138.9947,http://izoo.co.jp/,2
Q109597317,átoa,aquarium,JP,34.8064,135.5336,https://atoa-kobe.jp/,2
Q11434398,Ōmiya Park Zoo,zoo,JP,35.919,139.6308,https://www.parks.or.jp/omiyazoo/,2
Q16948780,Koh Kong Safari World,zoo,KH,11.6408,102.9163,,2
Q107008851,Aqua Planet Jeju,aquarium,KR,33.4328,126.9278,,2
Q25247987,Ridiyagama Safari Park,zoo,LK,6.2436,80.9794,,2
Q20504488,Dolphinarium in Klaipėda,aquarium,LT,55.7181,21.1008,,2
Q122984293,Escher Déierepark,zoo,LU,49.4827,5.9849,https://deierepark.esch.lu/fr/accueil/,2
Q2940908,Casela World of Adventures,zoo,MU,-20.2902,57.412,http://www.caselapark.com/,2
Q109875161,Acuario Michin Guadalajara,aquarium,MX,20.6929,-103.3514,,2
Q27791459,Bioparque Estrella,zoo,MX,25.1167,-99.9153,https://bioparquemonterrey.mx/,2
Q69171357,"Bioparque de Convivencia en Pachuca, Hidalgo",zoo,MX,20.1168,-98.7464,,2
Q6062597,Parque del Centenario,zoo,MX,20.9777,-89.6408,,2
Q6171792,Zacango Zoo,zoo,MX,19.2016,-99.648,,2
Q8074054,Zoo León,zoo,MX,21.1112,-101.66,http://www.zooleon.org.mx/,2
Q95709237,Desaru Ostrich Farm,zoo,MY,1.3689,104.2415,,2
Q48769612,Underwater World Langkawi,aquarium,MY,6.2877,99.7286,https://www.underwaterworldlangkawi.com,2
Q109356031,Sanda Kyarimi Park Zoo,zoo,NG,11.8323,13.1474,,2
Q107247858,UNILORIN Zoo,zoo,NG,8.4816,4.6369,,2
Q12011264,National Zoo of Nicaragua,zoo,NI,12.0408,-86.1929,http://www.zoologico.org.ni,2
Q11994240,Oslo Reptilpark,zoo,NO,59.9182,10.7434,https://www.reptilpark.no/,2
Q108374722,Wingspan National Bird of Prey Centre,zoo,NZ,-38.0906,176.1958,https://www.wingspan.co.nz,2
Q6063110,Parque Natural de Pucallpa,zoo,PE,-8.3898,-74.5604,,2
Q25663373,Albay Park and Wildlife,zoo,PH,13.1568,123.7302,,2
Q85751068,Cebu Safari and Adventure Park,zoo,PH,10.5886,123.9613,https://cebusafari.ph,2
Q28820,Mactan Island Aquarium,aquarium,PH,10.2853,123.9969,http://www.mactanaquarium.xetaspace.net/index.html,2
Q110300674,Malabon Zoo,zoo,PH,14.6635,120.9829,,2
Q7039114,Ninoy Aquino Parks & Wildlife Center,zoo,PH,14.6506,121.0439,,2
Q4851117,Balkasar Bear Sanctuary,zoo,PK,32.9396,72.6813,,2
Q48733001,Kamalia Wildlife Park,zoo,PK,30.7147,72.6739,,2
Q6444237,Kund Park,zoo,PK,33.9284,72.2347,,2
Q6484561,Landhi Korangi Zoo,zoo,PK,24.8266,67.1587,,2
Q7918400,Vehari Wildlife Park,zoo,PK,30.0374,72.3503,,2
Q9143242,Akcent Zoo in Białystok,zoo,PL,53.1211,23.1647,,2
Q11821245,European Bison Show Farm in Pszczyna,zoo,PL,49.9779,18.9311,http://zubry.pszczyna.pl/en/,2
Q9385870,European bison sanctuary in Wolin National Park,zoo,PL,53.9333,14.4833,,2
Q9251671,Exotarium Sosnowiec,zoo,PL,50.2831,19.1049,,2
Q11811318,Kadzidłowo Zoo,zoo,PL,53.7133,21.49,,2
Q18432915,Leszno Zoo,zoo,PL,51.8311,16.5903,,2
Q140030221,Mini Zoo Zielona Góra,zoo,PL,51.9221,15.4956,,2
Q130649025,Mini Zoo Żywiec,zoo,PL,49.6831,19.2028,,2
Q125103255,Mini-Zoo,zoo,PL,50.0988,18.2655,,2
Q106075388,MiniZoo in Jacek Kuroń Park in Sosnowiec,zoo,PL,50.3003,19.2436,,2
Q21094200,Safari Borysew Zoo,zoo,PL,51.8828,18.9398,https://zoosafari.com.pl/,2
Q125055865,Sea Park Sarbsk,zoo,PL,54.738,17.6498,https://seapark.pl/,2
Q11796753,The Zoological Garden of Polish Fauna,zoo,PL,53.1622,18.0344,https://zoo.bydgoszcz.com/,2
Q18203498,Zoo Nowy Tomyśl,zoo,PL,52.3103,16.14,,2
Q11796773,Zoo in Braniewo,zoo,PL,54.3811,19.8259,,2
Q12719946,Constanța Aquarium,aquarium,RO,44.1709,28.6632,,2
Q4081722,Belgorod Zoo,zoo,RU,50.553,36.6413,http://belzoopark.ru,2
Q4125113,Bird Park,zoo,RU,55.1581,36.7789,,2
Q4516672,Chita Zoo,zoo,RU,52.0419,113.5028,,2
Q4244661,Kudykina Gora,zoo,RU,52.3675,38.7661,,2
Q4262489,Lipetsk Zoo,zoo,RU,52.6048,39.6077,https://zoo48.ru/,2
Q4308114,Murmansk Oceanarium,aquarium,RU,68.9946,33.09,http://океанариум51.рф,2
Q18590217,"Ocean Park, Krasnodar",aquarium,RU,45.0294,39.0461,http://oceanariumkrd.ru,2
Q4112966,Oceanarium of Vladivostok,aquarium,RU,43.1212,131.8761,http://www.akvamir.org/,2
Q4348485,Penza Zoo,zoo,RU,53.1759,45.0003,http://www.zoo-penza.ru,2
Q4351543,Perm Zoo,zoo,RU,57.9617,56.1886,https://zoo.perm.ru,2
Q16688355,Primorsky Aquarium,aquarium,RU,43.0139,131.93,http://primocean.ru/,2
Q86667351,Ryazhsk Zoo,zoo,RU,53.68,40.1,,2
Q4412623,Seversk Zoo,zoo,RU,56.6042,84.8672,http://zoo-seversk.ru/,2
Q96623400,Starooskolsky Zoo,zoo,RU,51.3238,38.0002,https://oskolzoo.ru/,2
Q4064859,Utrish Dolphinarium,aquarium,RU,44.7603,37.3872,https://web.archive.org/web/20111211122753/http://www.dolphin-anapa.ru/,2
Q4537274,Yakutsk Zoo,zoo,RU,61.6794,129.3519,,2
Q4508704,Zoopark Chelyabinsk,zoo,RU,55.1678,61.3697,,2
Q16671327,Zoopark Limpopo,zoo,RU,56.3351,43.8538,,2
Q55009965,Avesta visentpark,zoo,SE,60.1481,16.1318,http://www.avestavisentpark.se/,2
Q134437707,Rainforest Wild Asia,zoo,SG,1.4092,103.7809,https://www.mandai.com/zh/rainforest-wild-asia.html,2
Q101063224,Zoo Kontakt,zoo,SK,49.1031,19.5732,https://zookontakt.sk/,2
Q67784193,Neotropical Butterfly Park,zoo,SR,5.6872,-55.2019,http://www.butterflyparksuriname.com/,2
Q13022372,Lopburi Zoo,zoo,TH,14.8016,100.6361,,2
Q13014565,Safari Park Open Zoo,zoo,TH,14.2522,99.5002,http://www.safaripark-kan.com/,2
Q19610585,Ankara Zoo,zoo,TR,39.9465,32.7918,http://www.aoc.gov.tr/index.php?view=cnt&cinf=41%7C12%7C12,2
Q22031680,Penghu Aquarium,aquarium,TW,23.6497,119.6029,,2
Q102609105,Sika Deer Ecological Park,zoo,TW,22.6716,121.4944,,2
Q135927744,Taichung Aquarium,aquarium,TW,24.2968,120.5197,https://tcaqua.com.tw/,2
Q31891070,Зоопарк ХІІ Місяців,zoo,UA,50.7373,30.2977,,2
Q4689906,African Safari Wildlife Park,zoo,US,41.5181,-82.8516,https://www.africansafariwildlifepark.com,2
Q4721004,Alexandria Zoological Park,zoo,US,31.2876,-92.4574,http://www.thealexandriazoo.com,2
Q80499606,Amarillo Zoo,zoo,US,35.2397,-101.8349,https://zoo.amarillo.gov/,2
Q124681398,Bearizona,zoo,US,35.2518,-112.1477,,2
Q34897344,Bergen County Zoological Park,zoo,US,40.9333,-74.0456,https://www.co.bergen.nj.us/bergen-county-zoo/zoo-main,2
Q4930247,Bluebird Gap Farm,zoo,US,37.0337,-76.3877,http://www.hampton.gov/bbgf/,2
Q4947729,Boston Aquarial Gardens,aquarium,US,42.357,-71.06,,2
Q4956116,Bramble Park Zoo,zoo,US,44.9086,-97.1266,http://www.brambleparkzoo.com,2
Q5020672,California Living Museum,zoo,US,35.432,-118.886,http://www.calmzoo.org,2
Q5044904,Carolina Tiger Rescue,zoo,US,35.7109,-79.1142,http://www.carolinatigerrescue.org/,2
Q2943001,Catskill Game Farm,zoo,US,42.2381,-74.0083,http://catskillgamefarm.com/,2
Q5067687,Chahinkapa Zoo,zoo,US,46.2747,-96.598,http://www.chahinkapazoo.org/,2
Q7756167,Chehaw Park,zoo,US,31.6176,-84.1381,http://chehaw.org/,2
Q5098018,Children's Aquarium at Fair Park,aquarium,US,32.777,-96.76,http://www.childrensaquariumfairpark.com,2
Q5130943,Clearwater Marine Aquarium,zoo,US,27.9769,-82.8191,http://seewinter.com/,2
Q5147412,Collins Zoo,zoo,US,31.616,-89.5379,http://www.collinsmszoo.com,2
Q5148807,Colorado Gators Reptile Park,zoo,US,37.7059,-105.871,http://www.gatorfarm.com,2
Q65622010,Colorado Wolf and Wildlife Center,zoo,US,38.932,-105.213,https://www.wolfeducation.org/,2
Q5375952,Endangered Wolf Center,zoo,US,38.5155,-90.5522,https://www.endangeredwolfcenter.org/,2
Q68173779,Everglades Alligator Farm,zoo,US,25.3932,-80.5012,https://everglades.com/,2
Q5523486,Garlyn Zoo,zoo,US,46.0798,-85.2982,http://www.garlynzoo.com,2
Q97610122,Global Wildlife Center,zoo,US,30.629,-90.286,https://www.globalwildlife.com/,2
Q24887967,Great Bend Zoo,zoo,US,38.373,-98.7664,,2
Q5599417,Great Lakes Aquarium,aquarium,US,46.7793,-92.1003,http://www.glaquarium.org,2
Q14716442,Heaven's Corner,zoo,US,39.75,-84.574,http://www.heavenscorner.net,2
Q5881872,HollyWild Animal Park,zoo,US,35.0244,-82.1432,http://www.hollywild.com/,2
Q5987303,Idaho Aquarium,zoo,US,43.6055,-116.2733,http://idahoaquarium.net/,2
Q6689256,Louisiana Purchase Gardens and Zoo,zoo,US,32.4663,-92.0937,http://www.monroezoo.org/,2
Q96392650,Menominee Park Zoo,zoo,US,44.0214,-88.5183,https://www.oshkoshzoo.org/,2
Q104856164,Mississippi Aquarium,aquarium,US,30.3678,-89.0883,,2
Q6942794,Muskingum County Animal Farm,zoo,US,39.9467,-82.0626,,2
Q7316188,NOVA Wild,zoo,US,38.9725,-77.3133,https://novawild.org,2
Q22978671,Out of Africa Wildlife Park,zoo,US,34.612,-111.924,https://outofafricapark.com/,2
Q7115140,Oxbow Park and Zollman Zoo,zoo,US,44.0842,-92.6504,https://www.co.olmsted.mn.us/pw/parks/oxbowpark/Pages/default.aspx,2
Q7229127,Popcorn Park Zoo,zoo,US,39.91,-74.327,https://ahscares.org/popcorn-park,2
Q24260926,Reptile World Serpentarium,zoo,US,28.2427,-81.2103,,2
Q7398400,Safari West,zoo,US,38.5571,-122.696,http://www.safariwest.com,2
Q7441827,Seaside Aquarium,zoo,US,45.9953,-123.9292,http://www.seasideaquarium.com,2
Q7572346,Space Farms Zoo and Museum,zoo,US,41.2096,-74.693,http://www.spacefarms.com,2
Q7581928,Squam Lakes Natural Science Center,zoo,US,43.7339,-71.5894,http://www.nhnature.org,2
Q108801638,Tanganyika Wildlife Park,zoo,US,37.6727,-97.5577,https://twpark.com/,2
Q22061108,Tregembo Animal Park,zoo,US,34.1262,-77.8976,http://www.tregemboanimalpark.com/,2
Q7844168,Tristate Zoological Park,zoo,US,39.6636,-78.7149,http://www.tristatezoologicalpark.com,2
Q115862519,Universal City Zoo,zoo,US,34.141,-118.3484,,2
Q7984796,West Coast Game Park Safari,zoo,US,43.01,-124.415,,2
Q7986920,West Virginia State Wildlife Center,zoo,US,38.8553,-80.3114,http://www.wvdnr.gov/Wildlife/WildlifeCenter.shtm,2
Q8001311,Wildlife Prairie Park,zoo,US,40.7339,-89.7472,,2
Q28232373,Woods Hole Science Aquarium,aquarium,US,41.5258,-70.6742,http://aquarium.nefsc.noaa.gov,2
Q49583690,York's Wild Kingdom,zoo,US,43.1836,-70.6111,https://yorkswildkingdom.com/,2
Q17274900,Zoológico Municipal Dr. Mauricio López Lomba,zoo,UY,-31.7001,-55.946,,2
Q6171785,Paraguaná Zoo,zoo,VE,11.6509,-70.2224,,2
Q5032347,Cango Wildlife Ranch,zoo,ZA,-33.5661,22.2136,https://www.cango.co.za/,2
Q55609994,Drakenstein Lion Park,zoo,ZA,-33.7954,18.9098,,2
Q16511778,East London Zoo,zoo,ZA,-33.0176,27.8977,,2
Q18125307,Groote Schuur Zoo,zoo,ZA,-33.962,18.459,,2
Q7731760,The Elephant Sanctuary Hartbeespoort Dam,zoo,ZA,-25.7216,27.8075,,2
Q20982041,Tygerberg Zoo,zoo,ZA,-33.7669,18.7151,,2
Q111464720,The National Aquarium Abu Dhabi,aquarium,AE,24.4021,54.4958,https://thenationalaquarium.ae/,1
Q13605580,Zoológico de Sáenz Peña,zoo,AR,-26.8175,-60.4199,http://www.municipiosp.com.ar/complejo-ecologico-municipal,1
Q124165556,Alpine Wildlife Park Pfänder,zoo,AT,47.5066,9.7789,https://www.pfaenderbahn.at/de/erlebnis/alpenwildpark,1
Q115110287,Tier- und Spielpark Bichlbach,zoo,AT,47.421,10.796,http://streichelzoo.com/,1
Q63118089,Tierpark Altenfelden,zoo,AT,48.4692,13.9596,http://tierpark-altenfelden.at/,1
Q21877777,Tierpark Streichelzoo Wildgehege Hohe Wand,zoo,AT,47.8336,16.0196,,1
Q2529001,Vivarium,aquarium,AT,48.2144,16.3931,,1
Q4689907,African Safari World,zoo,AU,-37.9229,144.667,http://www.village.com.au/,1
Q111821178,"Australian Wildlife Park, Albany",zoo,AU,-35.0968,117.9594,,1
Q60324601,Cairns Zoom and Wildlife Dome,zoo,AU,-16.9231,145.7792,https://cairnszoom.com.au/,1
Q85783684,Mansfield Zoo,zoo,AU,-37.1273,146.1322,,1
Q21973147,Phillip Island Wildlife Park,zoo,AU,-38.4731,145.2349,,1
Q123339719,Something Wild Wildlife Sanctuary,zoo,AU,-42.6801,146.7468,,1
Q7745231,The Lair,zoo,AU,-27.8648,153.317,,1
Q60716876,Waterways Wildlife Park,zoo,AU,-30.9818,150.1898,,1
Q8074096,Zoodoo Wildlife Park,zoo,AU,-42.7057,147.376,http://www.zoodoo.com.au,1
Q135511956,Philip's Animal Garden (Aruba),zoo,AW,12.5677,-70.0112,https://www.philipsanimalgarden.com/,1
Q55232305,Radiant Fish World,aquarium,BD,21.4423,91.9679,http://www.radiantfishworld.com/,1
Q110041201,Ferme du Parc Maximilien - Boerderij van het Maximiliaanpark,zoo,BE,50.8586,4.3501,http://www.lafermeduparcmaximilien.be/,1
Q3321963,Mont Mosan,zoo,BE,50.5139,5.2513,http://www.montmosan.be/index.asp?doc_id=1,1
Q108475856,Blagoevgrad Zoo,zoo,BG,42.0136,23.1033,,1
Q18639634,Pleven Zoo,zoo,BG,43.3555,24.6431,,1
Q130240731,AgouaLand,zoo,BJ,6.4807,2.2951,https://agoualand.com/,1
Q50887201,Acqua Mundo,aquarium,BR,-23.9869,-46.2319,http://www.acquamundo.com.br/,1
Q69254508,Catavento Butterfly house,zoo,BR,-23.5439,-46.6274,,1
Q123456955,Jacques Huber Aquarium,aquarium,BR,-1.4535,-48.4765,,1
Q60873544,Mini Zoo Palmira Gobbi,zoo,BR,-30.0349,-51.2189,,1
Q124253394,Municipal Aquarium of Cuiabá,aquarium,BR,-15.6149,-56.108,,1
Q55186828,Underground aquarium at Jardim da Luz,aquarium,BR,-23.5331,-46.6358,,1
Q124361484,Zoo das Aves,zoo,BR,-21.7828,-46.6243,https://zoodasaves.com.br/,1
Q121094903,Zoobotanic Park of Brusque,zoo,BR,-27.0943,-48.923,,1
Q56695189,Zoológico Municipal Doutor Flávio Leite Ribeiro,zoo,BR,-21.1925,-50.4443,,1
Q102222071,Zoológico do CIGS,zoo,BR,-3.1036,-60.0466,https://zoo.cigs.eb.mil.br/,1
Q47785658,Zooparque Itatiba,zoo,BR,-23.0461,-46.7457,http://zooparque.com.br/,1
Q5289620,Dolphin Encounters,zoo,BS,25.099,-77.2674,,1
Q7083453,Old Belize Museum and Cucumber Beach,zoo,BZ,17.4833,-88.1833,,1
Q135935461,Beacon Hill Children's Farm,zoo,CA,48.4116,-123.364,https://beaconhillchildrensfarm.ca/,1
Q53336437,High Park Zoo,zoo,CA,43.6433,-79.4625,http://www.highparktoronto.com/zoo.php,1
Q136565120,Huntsman Fundy Discovery Aquarium,aquarium,CA,45.085,-67.0804,,1
Q17124207,Indian River Reptile Zoo,zoo,CA,44.3451,-78.088,,1
Q7081785,Okanagan Game Farm,zoo,CA,49.4006,-119.6086,,1
Q66169869,Zoo de Falardeau,zoo,CA,48.6326,-71.1831,http://www.zoodefalardeau.com/,1
Q21973904,Plättli Zoo,zoo,CH,47.5606,8.9158,,1
Q56261042,Sikypark,zoo,CH,47.2736,7.4561,https://www.sikypark.ch,1
Q17636165,La Serena Zoo,zoo,CL,-29.9972,-71.0532,,1
Q15938016,Badaling Zoo,zoo,CN,40.3606,115.9905,http://www.bdlsw.com.cn,1
Q110709440,Cube Oceanarium,aquarium,CN,30.5757,104.0643,,1
Q112979178,Linyi Zoological and Botanical Garden,zoo,CN,34.987,118.5389,http://lydzwy.cn,1
Q116671518,Ukumarí Biopark,zoo,CO,4.8008,-75.8108,https://ukumari.org/,1
Q6171782,Havana Zoo,zoo,CU,23.1106,-82.3969,,1
Q115054898,Paphos Zoo,zoo,CY,34.8929,32.3412,https://www.pafoszoo.com/,1
Q108862156,Divoká zahrada Hostivař,zoo,CZ,50.04,14.5169,https://lhmp.cz/zachranna-stanice/lesni-zookoutky/divoka-zahrada-hostivar/,1
Q136432771,"Garden Na Valech, Brandýs nad Labem",zoo,CZ,50.1873,14.6658,,1
Q138411654,Metalzoo Staré Město,zoo,CZ,49.0735,17.4261,https://www.kovozoo.cz,1
Q90543696,Mini Zoo,zoo,CZ,49.1034,15.9829,,1
Q121084826,Papilonia Brno,zoo,CZ,49.1938,16.6086,https://papilonia.cz/cs/,1
Q50981712,Ringelland,zoo,CZ,49.998,15.3791,,1
Q129998568,Zoopark Milíčov,zoo,CZ,50.0281,14.5399,https://www.facebook.com/p/Zoopark-Mil%C3%AD%C4%8Dov-100030921956627/,1
Q101244596,zookoutek Kamýk,zoo,CZ,50.0113,14.4409,https://lhmp.cz/zachranna-stanice/lesni-zookoutky/zookoutek-kamyk/,1
Q119173036,Allgäuer Schmetterling Erlebniswelt,zoo,DE,47.5978,10.561,https://schmetterling-erlebniswelt.de/,1
Q55721657,Aquarium Kiel,aquarium,DE,54.33,10.1484,,1
Q105713262,Cologne Zoo Aquarium,aquarium,DE,50.9582,6.9725,,1
Q18019233,Darwineum,zoo,DE,54.0791,12.0775,http://www.darwineum-zoo-rostock.de/,1
Q1264982,Erlebnistierpark Jägerhof,zoo,DE,47.9247,9.2203,,1
Q117319074,Erlebnistierpark Memleben,zoo,DE,51.2646,11.4947,https://erlebnistierpark.de/,1
Q117026538,Falconry Herrmann,zoo,DE,50.5287,12.152,https://falknerei-herrmann.de/pages/de/start.php,1
Q130686783,Falkenstein National Park Centre,zoo,DE,49.06,13.2428,https://www.nationalpark-bayerischer-wald.bayern.de/besucher/einrichtungen/npz_falkenstein/index.htm,1
Q115287174,Falknerei Bergisch Land,zoo,DE,51.2092,7.1971,https://www.falknerei-bergischland.de/,1
Q2432289,Former Kalletal Zoo,zoo,DE,52.1262,8.944,,1
Q107059435,Game Reserve Schmidt,zoo,DE,50.6618,6.4279,https://wildpark-schmidt.de/,1
Q127917633,Geising Wildlife Park,zoo,DE,50.7787,13.7901,https://www.wildpark-osterzgebirge.de/,1
Q80306932,Greifvogelpark Saarburg,zoo,DE,49.6166,6.5331,https://www.greifvogelpark-saarburg.de/,1
Q94532085,Hasseldieksdamm wildlife park,zoo,DE,54.322,10.079,,1
Q17123549,Haustierpark Lelkendorf,zoo,DE,53.8394,12.7308,http://www.haustierpark.com/,1
Q65511273,Ludwigshafen-Rheingönheim Wildlife Park,zoo,DE,49.4308,8.415,https://wildpark.ludwigshafen.de/,1
Q109627788,Lusen National Park Centre,zoo,DE,48.9002,13.4808,https://www.nationalpark-bayerischer-wald.bayern.de/besucher/einrichtungen/npz_lusen/index.htm,1
Q2143175,Remstecken,zoo,DE,50.3083,7.5483,,1
Q55758537,Sea dog basin Kiel,aquarium,DE,54.3298,10.149,,1
Q91013319,Tannenberg wildlife park,zoo,DE,54.3649,10.1146,,1
Q98629586,Tiergarten Am Tiergarten 12 in Nürnberg,zoo,DE,49.448,11.1411,,1
Q98629587,Tiergarten Am Tiergarten 14 in Nürnberg,zoo,DE,49.4492,11.1456,,1
Q98629583,Tiergarten Am Tiergarten 6 in Nürnberg,zoo,DE,49.4466,11.1462,,1
Q116838438,Tiergarten Sonneberg,zoo,DE,50.3671,11.1895,https://www.foerderverein-tiergarten-sonneberg.de/,1
Q2432310,Tierpark Arche Noah Klötze,zoo,DE,52.6296,11.1848,,1
Q2432283,Tierpark Göppingen,zoo,DE,48.7144,9.6489,http://www.tierpark-goeppingen.de/,1
Q62030381,Tierpark Klingenthal,zoo,DE,50.3615,12.4653,https://www.klingenthal.de/DE/Gaesteservice/Ausflugs-Tipps/Tierpark/index.html,1
Q55956438,Tierpark Petermoor,zoo,DE,52.8551,8.7383,https://www.tierpark-bassum.de/,1
Q56283724,Tierpark Röhrensee,zoo,DE,49.93,11.572,https://www.tierpark-roehrensee.de/,1
Q127473371,Tierpark Walldorf,zoo,DE,49.3147,8.6336,https://www.tierpark-walldorf.de/,1
Q15853066,Vogel- und Tierpark Irgenöd,zoo,DE,48.5635,13.2515,http://www.vogelpark-irgenoed.de/,1
Q117084324,Vogelpark Plankstadt,zoo,DE,49.3974,8.5874,http://www.vogelparkplankstadt.de/,1
Q2569469,Wiesenpark Oschersleben,zoo,DE,52.0213,11.2371,,1
Q76450708,Wildfreigehege Wolfsrat,zoo,DE,49.3672,6.8273,https://www.saarwellingen.de/index.php?id=164,1
Q2570709,Wildgehege Dodenau,zoo,DE,51.0313,8.575,,1
Q46595153,Wildgehege Hochhausen,zoo,DE,49.6629,9.6237,,1
Q110965144,Wildgehege Hufeisen,zoo,DE,49.6984,11.4936,https://www.wildgehege-hufeisen.de/,1
Q49720041,Wildlife Enclosure Herborn,zoo,DE,50.6848,8.2915,https://www.wildgehege-herborn.de/,1
Q2570784,Wildpark Bad Marienberg,zoo,DE,50.651,7.9349,,1
Q64221090,Wildpark Bilsteintal,zoo,DE,51.4256,8.3239,https://bilsteintal.de/,1
Q2570794,Wildpark Diedrichsburg,zoo,DE,52.2324,8.3513,,1
Q110338619,Wildpark Frankenhof,zoo,DE,51.8082,7.0165,https://www.wildpark-frankenhof.de/,1
Q123041180,Wildpark Hardegsen,zoo,DE,51.6578,9.8205,https://www.wildpark-hardegsen.de/,1
Q27478765,Wildpark Kranichstein,zoo,DE,49.9109,8.7154,,1
Q110417990,Wildpark Malente,zoo,DE,54.1701,10.5461,http://www.wildpark-malente.de/wildpark.html,1
Q119047871,Wildpark Mölln,zoo,DE,53.6244,10.7038,https://www.naturparkzentrum-uhlenkolk.de/poi/wildpark-moelln,1
Q59156904,Wildpark Schwarzach,zoo,DE,49.3689,8.9883,http://www.wildpark-schwarzach.de/,1
Q105406671,Wildpark Völklingen,zoo,DE,49.2687,6.8692,https://www.voelklingen.de/oeffentliche-einrichtungen/wald-wildparks-forstwirtschaft/,1
Q220059,Zoo Mainz,zoo,DE,50.0064,8.203,https://mainz.de/freizeit-und-sport/im-gruenen/zoo-mainz/zoo-mainz.php#SP-grouplist-16-1:1,1
Q107689682,Glad Zoo,zoo,DK,55.4112,8.964,https://www.gladzoo.dk/,1
Q57408994,Hjortdal Dyrefarm,zoo,DK,57.1404,9.3666,https://hjortdaldyrefarm.dk,1
Q61771823,Jyllandsakvariet,aquarium,DK,56.7058,8.216,http://www.jyllandsakvariet.dk/,1
Q66371106,Munkholm Zoo,zoo,DK,56.3214,10.783,http://www.munkholmzoo.dk/,1
Q12329235,Nordsø Akvariet,aquarium,DK,56.9583,8.3675,http://www.north-sea.dk,1
Q12342036,Øresund Aquarium,aquarium,DK,56.0412,12.6112,http://www.oresundsakvariet.ku.dk/,1
Q117358068,Parque Cóndor,zoo,EC,0.232,-78.24,https://www.parquecondor.com/,1
Q131317892,Parque Real De Aves Exoticas,zoo,EC,-1.4928,-77.9862,,1
Q131317953,Yanacocha Animal Rescue Centre,zoo,EC,-1.4605,-77.9877,https://yanacocharescue.com/,1
Q131673270,Dolphin World Egypt,aquarium,EG,26.9912,33.8527,https://www.dolphinworldegypt.com/ru,1
Q12207360,El Arish zoo,zoo,EG,31.1457,33.8326,,1
Q12207362,El Mansoura zoo,zoo,EG,31.0531,31.4006,,1
Q125030690,Red Sea Aquarium,aquarium,EG,27.2617,33.8191,,1
Q20419098,zoo el-Zagazig,zoo,EG,30.5881,31.4951,,1
Q12207363,zoo of Beni Suef,zoo,EG,29.0841,31.1017,,1
Q113435736,Acuario do Grove,aquarium,ES,42.4838,-8.891,https://acuariodogrove.es/,1
Q63993040,Castellar Zoo,zoo,ES,36.2893,-5.4092,https://www.zoodecastellar.es/,1
Q137921171,"Crocodile Park, Torremolinos",zoo,ES,36.6244,-4.5092,,1
Q64495362,Guinate Tropical Park,zoo,ES,29.1836,-13.4995,,1
Q63993007,Lobo Park,zoo,ES,36.9869,-4.6237,http://www.lobopark.com/,1
Q98165752,Loros del Sur,zoo,ES,28.0591,-16.7313,,1
Q6171745,Seville Zoo,zoo,ES,37.5666,-6.085,http://www.zoodesevilla.es/,1
Q64006794,Zoo de Guadalajara,zoo,ES,40.638,-3.178,http://www.zooguadalajara.es,1
Q11888104,Pikkukili,zoo,FI,63.077,30.0921,,1
Q30503956,Ysitien lemmikki,zoo,FI,62.2456,26.039,http://www.ysitienlemmikki.fi/,1
Q111049191,Aquarium d'Allex,aquarium,FR,44.7623,4.921,https://www.aquarium-des-tropiques.com/fr/,1
Q20971804,Cheptainville Zoo,zoo,FR,48.5545,2.2595,http://www.ileauxoiseaux.fr,1
Q138008949,Ermenonville Zoo,zoo,FR,49.1354,2.6968,,1
Q3067346,Fauconnerie du Puy du Fou,zoo,FR,46.8892,-0.9279,,1
Q21170897,Jardins des papillons (Hunawihr),zoo,FR,48.1809,7.3212,,1
Q113905941,La Ferme des Reptiles,zoo,FR,43.023,1.3862,https://www.lafermedesreptiles.fr/,1
Q16964707,La Serre aux papillons,zoo,FR,48.8055,1.7776,http://www.serreauxpapillons.com//,1
Q66897941,Labenne's zoo,zoo,FR,43.5892,-1.4524,https://www.zoo-labenne.com/,1
Q107558758,Le Parc australien,zoo,FR,43.1884,2.3926,https://www.leparcaustralien.fr/espagnol/,1
Q116024970,Micro Zoo de Saint Malo,zoo,FR,48.6516,-2.0241,https://microzoo.fr/,1
Q109265407,Oniria,aquarium,FR,42.7016,3.0362,https://www.oniria.fr/,1
Q135655695,Parc Animalier d'Écouves,zoo,FR,48.5669,0.1358,,1
Q135742269,Parc animalier Montaigu la Brisette,zoo,FR,49.5843,-1.4445,,1
Q3364159,Parc de Saint-Vrain,zoo,FR,48.5322,2.3344,,1
Q3364788,Parc zoologique de Fréjus,zoo,FR,43.4761,6.7379,http://www.zoo-frejus.com,1
Q3364795,Parc zoologique du Cap Ferrat,zoo,FR,43.69,7.3236,,1
Q19951248,Refuge de l'Arche,zoo,FR,47.8142,-0.7001,http://www.refuge-arche.org,1
Q126616291,Reptilarium du Larzac,zoo,FR,43.9836,3.138,https://www.reptilarium-larzac.com/,1
Q3457155,Réserve de bisons d'Europe de Sainte-Eulalie,zoo,FR,44.8013,3.48,http://www.bisoneurope.com,1
Q100942885,Zoo de Mescoules,zoo,FR,44.7331,0.4187,http://www.zoo-de-mescoules.com/,1
Q17651567,Zoo de Vendeuil,zoo,FR,49.7164,3.3415,,1
Q130252641,Axe Valley Wildlife Park,zoo,GB,50.7798,-3.0251,https://www.axevalleypark.co.uk/,1
Q4915315,Biota!,aquarium,GB,51.5031,0.032,http://www.silvertownquays-london.com,1
Q108049603,Chestnut Centre,zoo,GB,53.3346,-1.8876,http://www.chestnutcentre.co.uk/,1
Q87333139,Cotswold Falconry Center,zoo,GB,51.9985,-1.7338,https://www.cotswold-falconry.co.uk/,1
Q104842729,Coventry Zoo,zoo,GB,52.3894,-1.4902,,1
Q133805908,Dartmoor Otters & Buckfast Butterflies,zoo,GB,50.4819,-3.7672,,1
Q84042267,Eagle Heights Wildlife Foundation,zoo,GB,51.3695,0.1926,https://www.eagleheights.co.uk/,1
Q31677248,Hollywood Cinema,aquarium,GB,52.6088,1.7371,,1
Q60741156,Knaresborough Zoo,zoo,GB,54.0111,-1.4744,,1
Q106652248,Miniature Pony Centre,zoo,GB,50.649,-3.816,,1
Q117822338,Porfell Wildlife Park,zoo,GB,50.4053,-4.5724,http://www.porfell.co.uk/,1
Q137321780,Seaforde Gardens and Tropical Butterfly House,zoo,GB,54.3223,-5.844,https://www.seafordegardens.com/,1
Q108800549,Sewerby Zoo,zoo,GB,54.1038,-0.1626,https://www.sewerbyhall.co.uk/zoo/,1
Q104847276,Southam Zoo,zoo,GB,52.2536,-1.3768,,1
Q7749501,The Magic of Life Butterfly House,zoo,GB,52.391,-3.893,http://www.magicoflife.org,1
Q17545222,The Menagerie,zoo,GB,52.1734,-0.7984,,1
Q26506932,"The Menagerie, Stowe Gardens",zoo,GB,52.0303,-1.0192,,1
Q113559680,Thorpe Farm,zoo,GB,51.4086,-0.5268,,1
Q7981913,Welsh Hawking Centre,zoo,GB,51.415,-3.308,,1
Q7990098,Wetheriggs Zoo and Animal Sanctuary,zoo,GB,54.632,-2.693,http://www.wetheriggsanimalrescue.co.uk,1
Q136690541,Wildwood Devon,zoo,GB,50.7743,-3.3052,https://devon.wildwoodtrust.org/,1
Q124650480,Willow's Birds of Prey & Wildlife Trail,zoo,GB,51.3156,0.1155,,1
Q8033330,Woodside Farm and Wildfowl Park,zoo,GB,51.8491,-0.4467,,1
Q110969081,Aquarium Terrarium,aquarium,HR,43.7353,15.8899,https://aquariumsibenik.com/,1
Q118368472,Bird Garden,zoo,HU,46.7974,17.9115,https://www.madarkert.hu/,1
Q1030352,Zoo Gyöngyös,zoo,HU,47.7906,19.9128,,1
Q64438207,Jakarta Aquarium,aquarium,ID,-6.1751,106.79,,1
Q136687552,Medan Zoo,zoo,ID,3.4823,98.6447,,1
Q110282354,Taman Safari Bogor,zoo,ID,-6.7212,106.9551,https://bogor.tamansafari.com/,1
Q55029991,Sealife,aquarium,IE,53.2034,-6.0982,,1
Q41794740,Monkey Forest,zoo,IL,32.8384,35.2746,http://www.kofim.co.il/,1
Q107094445,Gandhi Zoological Park,zoo,IN,26.21,78.1694,,1
Q108527080,Himalayan Nature Park Kufri,zoo,IN,31.1035,77.2454,http://hpforest.gov.in/himalayan-nature-park-kufri,1
Q108689584,Kamla Nehru Zoological Garden,zoo,IN,23.0076,72.6044,https://www.ahmedabadzoo.in/index.php,1
Q137207883,"Lalithodyana Aquarium, Dharmasthala",aquarium,IN,12.9506,75.3816,,1
Q113011987,Machia Biological Park,zoo,IN,26.3042,72.9794,,1
Q132296427,Marine Kingdom,aquarium,IN,12.9122,80.2503,,1
Q123617553,Arak Zoo,zoo,IR,34.0685,49.7563,,1
Q123659140,City Park Aquarium (Tehran),aquarium,IR,35.6815,51.417,,1
Q123616743,Isfahan Reptiles Garden,zoo,IR,32.6377,51.6128,,1
Q123823450,Mellat Park Zoo,zoo,IR,35.7787,51.4086,,1
Q124315744,Milad Tower Dolphinarium,aquarium,IR,35.7439,51.3714,,1
Q140317636,Qom Bird Garden,zoo,IR,34.5988,50.8386,,1
Q20010227,Abruzzo Zoo,zoo,IT,42.2741,14.4481,http://www.zooabruzzo.it,1
Q97161243,Casa delle Farfalle,zoo,IT,44.2785,12.3359,https://casadellefarfalle.net/,1
Q55761417,Collodi Butterfly House,zoo,IT,43.9,10.6546,https://www.pinocchio.it/it/la-casa-delle-farfalle-di-collodi,1
Q3895398,Parco Gallorose,zoo,IT,43.2905,10.5316,http://www.parcogallorose.it/,1
Q92063704,Parco ittico Paradiso,aquarium,IT,45.3878,9.4452,https://www.parcoittico.it/,1
Q17192303,AlpsPark,zoo,JP,36.2609,137.9548,http://toybox-net.jp/alpspark/,1
Q21652335,Aquaterrace Nishikigaoka,aquarium,JP,38.2571,140.7651,https://aquaterrace.co.jp/,1
Q11493663,Ehime Prefectural Dogo Zoo,zoo,JP,33.8483,132.7868,,1
Q107012272,Hagachizaki Monkey Bay,zoo,JP,34.6933,138.7474,https://monkeybay.jp/,1
Q115470771,Higashiyama Zoo Main Park,zoo,JP,35.1553,136.9771,,1
Q115283045,Higashiyama Zoo Medaka World,aquarium,JP,35.1579,136.9795,,1
Q115470712,Higashiyama Zoo North Park,zoo,JP,35.1583,136.9777,,1
Q11666524,Iida City Zoo,zoo,JP,35.5141,137.824,https://iidazoo.jp/,1
Q11474596,Iwate Safari Park,zoo,JP,38.8099,141.2589,https://www.iwate-safari.jp/,1
Q138753305,Kamoso Kachoen,zoo,JP,34.827,137.9656,https://kamoltd.co.jp/,1
Q97169050,Kawasui Kawasaki Aquarium,aquarium,JP,35.5296,139.6963,https://kawa-sui.com/,1
Q11647835,Kinkazan Squirrel Village,zoo,JP,35.4321,136.78,https://www.kinkazan.co.jp/pages/squirrel_village,1
Q11577814,Kofu city Yuki park zoo,zoo,JP,35.651,138.5718,http://www.city.kofu.yamanashi.jp/zoo/index.html,1
Q11524680,"Misaki Marine Biological Station, the University of Tokyo",aquarium,JP,35.1583,139.612,,1
Q11454261,Miyazaki City Phoenix Zoo,zoo,JP,31.9825,131.4788,http://www.miyazaki-city-zoo.jp/,1
Q11581372,Morioka Zoo,zoo,JP,39.697,141.19,https://zoomo.co.jp/,1
Q11654175,Nagano City Jōyama Zoo,zoo,JP,36.6652,138.194,https://www.johyama.com/,1
Q30114492,Nagoya Zoo,zoo,JP,35.1537,136.9172,,1
Q28068900,Nasu Safari Park,zoo,JP,37.0592,140.0058,https://www.nasusafari.com/,1
Q11506354,Nihon Kamoshika Sentā,zoo,JP,35.0194,136.4225,,1
Q11641448,Roadside station Kihocho Umigame-park,aquarium,JP,33.7698,136.0285,https://umigame.info/,1
Q53997414,SEA LIFE Nagoya,aquarium,JP,35.0502,136.8463,https://www.visitsealife.com/japan/,1
Q17219170,Susami Crustacean Aquarium,aquarium,JP,33.5046,135.5888,https://ebikani-aquarium.com/,1
Q11669487,Takaoka Kojō Zoo,zoo,JP,36.7477,137.0226,https://www.takaokakojyozoo.jp/,1
Q11572836,Tamano Marine Museum,aquarium,JP,34.4549,133.9055,https://www.city.tamano.lg.jp/site/kaihaku/,1
Q11273093,Tokushima Zoo,zoo,JP,34.0141,134.5221,http://www.city.tokushima.tokushima.jp/zoo/,1
Q56349389,Uda Animal Park,zoo,JP,34.4889,135.9328,https://www.pref.nara.jp/1839.htm,1
Q11417307,Wakayama Castle Park Zoo,zoo,JP,34.227,135.1732,http://wakayamajo.jp/animal/,1
Q11281997,Wanpark Kochi Animal Land,zoo,JP,33.5422,133.557,https://www.city.kochi.kochi.jp/deeps/17/1712/animal/,1
Q21655033,Yamagata Fresh-water Fish Museum,aquarium,JP,36.6257,140.404,https://hitachiomiya-sinkouzaidan.opal.ne.jp/tansui/,1
Q17230652,Yokohama Omoshiro Aquarium,aquarium,JP,35.4429,139.6446,,1
Q11419591,the Aquarium of Shimantogawa River Osakanakan,aquarium,JP,33.2292,132.7103,http://www.morinokuni.or.jp/,1
Q109361701,Ōshima Park Zoo,zoo,JP,34.7611,139.4346,https://www.soumu.metro.tokyo.lg.jp/11osima/park/www/htdocs/zoo/,1
Q11432512,Ōuchiyama Zoo,zoo,JP,34.2753,136.3694,http://www.oouchiyama-zoo.com/,1
Q11595256,秋田八幡平クマ牧場,zoo,JP,40.0246,140.8203,,1
Q109084332,Nairobi Safari Walk,zoo,KE,-1.3368,36.7773,http://www.kws.go.ke/content/nairobi-safari-walk,1
Q54609194,Ciruli,zoo,LV,56.571,21.6129,https://rigazoo.lv/par-filiali-ciruli/,1
Q131293881,Dream Village,zoo,MA,33.6206,-7.3796,https://dreamvillage.ma/,1
Q106463993,Ecological Center of Sonora,zoo,MX,29.0181,-110.9487,,1
Q97529901,Tuzoofari,zoo,MX,20.0226,-98.6475,http://tuzoofari.mx/,1
Q107573186,Wamerú zoo,zoo,MX,20.5723,-100.2083,http://zoowameru.com.mx/,1
Q137938768,Entopia,zoo,MY,5.4476,100.2152,https://www.entopia.com/,1
Q133274431,Penang Bird Park,zoo,MY,5.3939,100.3947,,1
Q135227930,Poring Butterfly Farm,zoo,MY,6.0477,116.7017,,1
Q112066364,GSU Zoological Garden,zoo,NG,10.3035,11.1759,,1
Q108908792,Imo State Zoo & Wildlife Park,zoo,NG,5.4386,7.0289,https://imozoo.im.gov.ng/,1
Q23042702,Drøbak Akvarium,aquarium,NO,59.6617,10.6281,https://drobakakvarium.no/,1
Q138511426,The Little Zoo,zoo,NO,58.8199,9.0714,https://denlilledyrehage.no/,1
Q117801742,Kiwi Valley Farm Park,zoo,NZ,-36.896,174.6003,https://www.kiwivalley.co.nz/,1
Q137660417,West Lynn Garden,zoo,NZ,-36.9219,174.6696,,1
Q140677731,Acuario Nautilus,aquarium,PE,-11.9061,-77.0455,https://acuarionautilus.pe/,1
Q63927776,Huachipa Zoo Park,zoo,PE,-12.015,-76.8983,http://www.zoohuachipa.com.pe,1
Q20127747,Mariposario Pilpintuwasi,zoo,PE,-3.7048,-73.2835,,1
Q95689733,Zoológico del Parque de la Exposición,zoo,PE,-12.063,-77.035,,1
Q85751065,Cebu Ocean Park,aquarium,PH,10.2811,123.8783,https://www.cebuoceanpark.com/,1
Q48732995,DG Khan Zoo,zoo,PK,30.0416,70.6265,,1
Q5269661,Dhodial Pheasantry,zoo,PK,34.4206,73.2536,http://dhodialpheasantry.com/,1
Q132560669,Snake House,zoo,PK,33.5671,73.0821,,1
Q100268999,Aquário da Madeira,aquarium,PT,32.8673,-17.1654,,1
Q62071864,Granja Ecoturística Yvambopi,zoo,PY,-25.4889,-56.2537,,1
Q110929549,Zoo Sibiu,zoo,RO,45.7618,24.1237,https://www.zoosibiu.ro/,1
Q127282817,Dolphinarium in Lazorevskoe,aquarium,RU,43.919,39.3184,,1
Q128761431,Gelendzhik Oceanarium,aquarium,RU,44.5636,38.0773,,1
Q4203279,Irkutsk Zoo,zoo,RU,52.2758,104.3022,,1
Q104601172,Karelian Zoo,zoo,RU,61.9941,30.7846,https://kareliazoo.ru/fi/,1
Q109887602,Krasnodar Safari Park,zoo,RU,45.0074,39.0528,https://zoo93.ru/,1
Q4409415,Sakhalin Zoological and Botanical Park,zoo,RU,46.9685,142.7547,http://sakhalinzoo.ru,1
Q4478983,Utrish Dolphinarium,aquarium,RU,44.7586,37.3813,,1
Q18287104,Aspuddsparken,zoo,SE,59.3081,17.9938,http://www.stockholm.se/-/Serviceenhetsdetaljer/?enhet=1f094a52a8a94171bfa63f79782b4ac3,1
Q64503995,Gotland animal park,zoo,SE,57.5162,18.2152,https://gotlandsdjurpark.se,1
Q67678810,Kungsbyn Zoo,zoo,SE,59.5944,16.8044,,1
Q57541029,Moose of Annerod,zoo,SE,58.0696,12.2056,http://mooseafannerodgard.se/,1
Q115959798,Punggol Zoo,zoo,SG,1.4119,103.9117,,1
Q109283876,Singapore Miniature Zoo,zoo,SG,1.2928,103.7675,,1
Q16304402,Nakhon Pathom Municipality Zoo,zoo,TH,13.8203,100.0499,,1
Q123662912,The Sixth Cycle Birthday Anniversary Celebration Aquarium,aquarium,TH,12.5729,101.8949,,1
Q20470439,Aqua Vega,aquarium,TR,39.8883,32.9349,http://www.aquavega.com.tr/,1
Q137767184,Sincan Zoo,zoo,TR,39.9741,32.5874,,1
Q56544217,Dufile Animal Sanctuary,zoo,UG,3.5772,31.9953,,1
Q14710319,Austin Aquarium,aquarium,US,30.45,-97.7923,http://www.austinaquarium.com/,1
Q113867110,Bear Hollow Zoo,zoo,US,33.9272,-83.3874,https://www.accgov.com/bearhollow,1
Q5053833,Catoctin Wildlife Preserve and Zoo,zoo,US,39.5915,-77.4312,http://www.cwpzoo.com/,1
Q5056599,Cedar Cove Feline Conservatory & Sanctuary,zoo,US,38.6191,-94.6285,http://www.saveoursiberians.org,1
Q5099439,Chimp Haven,zoo,US,32.2547,-93.9367,http://www.chimphaven.org/,1
Q49478574,Cleveland Aquarium,aquarium,US,41.5381,-81.6364,,1
Q17510352,Cohanzick Zoo,zoo,US,39.439,-75.239,https://cohanzick-zoo.com/,1
Q5149943,Columbian Park Zoo,zoo,US,40.4141,-86.8709,http://www.columbianparkzoo.org/,1
Q5244208,DeYoung Family Zoo,zoo,US,45.3079,-87.6449,http://thedeyoungfamilyzoo.com,1
Q49523618,Fon du Lac Farm Park,zoo,US,40.6622,-89.5367,,1
Q5598940,Great Cats World Park,zoo,US,42.1412,-123.659,,1
Q5604742,Greenville Wildlife Park,zoo,US,42.7407,-71.7997,,1
Q5608906,Griffith Park Zoo,zoo,US,34.1337,-118.289,,1
Q111181792,Gulf World Marine Park,aquarium,US,30.2111,-85.8672,https://gulfworldmarinepark.com/,1
Q14692639,Hemker Park & Zoo,zoo,US,45.6719,-94.6675,http://www.hemkerzoo.com,1
Q5755305,High Delta Safari Park,zoo,US,32.564,-91.515,,1
Q5674016,International Reptile Rescue,zoo,US,45.2148,-122.634,,1
Q6392336,Kentucky Reptile Zoo,zoo,US,37.7932,-83.7039,http://www.kyreptilezoo.org/,1
Q16893287,Kewaunee County Bruemmer Park and Zoo,zoo,US,44.4606,-87.5512,https://www.bruemmerparkzoo.com,1
Q123765154,Natural Bridge Zoo,zoo,US,37.6449,-79.5329,http://naturalbridgezoo.com/,1
Q6980955,Nature and Raptor Center of Pueblo,zoo,US,38.2715,-104.678,http://natureandraptor.org/,1
Q85791197,Oregon Undersea Gardens,aquarium,US,44.6303,-124.0519,,1
Q118418235,OstrichLand USA,zoo,US,34.6072,-120.1766,https://www.ostrichlandusa.com,1
Q7243052,Primarily Primates,zoo,US,29.6892,-98.6831,http://www.primarilyprimates.org,1
Q7243193,Primate Rescue Center,zoo,US,37.8461,-84.6385,,1
Q7338572,Riverside Park and Zoo,zoo,US,41.8552,-103.684,http://www.riversidediscoverycenter.org,1
Q7366377,Roos-n-More Zoo,zoo,US,36.6951,-114.59,http://roosnmore.org,1
Q104866733,Roscommon Zoo,zoo,US,44.5111,-84.4847,,1
Q107292927,Sea Life at Mall of America,aquarium,US,44.8542,-93.2422,,1
Q7455096,Serpent Safari,zoo,US,42.3889,-87.9575,http://www.serpentsafari.net/,1
Q55641752,Shreveport Aquarium,aquarium,US,32.5158,-93.7433,https://www.shreveportaquarium.com/,1
Q61840388,Siegfried & Roy's Secret Garden and Dolphin Habitat,zoo,US,36.1205,-115.1773,https://www.mirage.com/en/amenities/siegfried-roys-secret-garden-and-dolphin-habitat.html,1
Q110443063,St. Augustine Aquarium,aquarium,US,29.9139,-81.3978,,1
Q28451057,St. Lucie County Aquarium,aquarium,US,27.4606,-80.3144,,1
Q7600493,Stapp's Circle S Ranch,zoo,US,39.3201,-85.3901,http://www.stappscirclesranch.com,1
Q17041612,Tarpon Springs Aquarium,aquarium,US,28.1554,-82.7632,http://www.tarponspringsaquarium.com/,1
Q7731759,The Elephant Sanctuary,zoo,US,35.5483,-87.5509,http://www.elephants.com/,1
Q61840935,The Mirage Aquarium,aquarium,US,36.1216,-115.1737,https://www.mirage.com/en/amenities/aquarium.html,1
Q118479876,The Reptile Zoo,zoo,US,33.6899,-117.9533,https://www.prehistoric-inc.square.site,1
Q7776908,The Zoo In Forest Park,zoo,US,41.7899,-71.4163,,1
Q7853507,Tupelo Buffalo Park and Zoo,zoo,US,34.2869,-88.7687,http://www.tupelobuffalopark.com,1
Q7883060,UnderWater World Guam,aquarium,US,13.515,144.806,https://uwwguam.com/,1
Q7972118,Washington Park Zoo,zoo,US,41.7253,-86.901,https://www.washingtonparkzoo.com/,1
Q118278905,"Wild Animal Safari, Pine Mountain",zoo,US,32.9034,-84.9249,https://animalsafari.com/georgia-park-home-about-us/,1
Q8001334,Wildlife WayStation,zoo,US,34.3314,-118.3444,,1
Q8035359,World Aquarium,aquarium,US,38.6336,-90.2004,http://www.worldaquarium.net,1
Q23018417,ZooQuarium,aquarium,US,41.6501,-70.225,,1
Q52809540,Zootah at Willow Park,zoo,US,41.7194,-111.8472,https://zootah.org/,1
Q7850623,Tuan Chau Aquarium,zoo,VN,20.9277,106.991,,1
Q108652547,Exotic Animal World,zoo,ZA,-33.8,18.8722,,1
Q138802901,Monkey Sanctuary,zoo,ZA,-25.7225,27.8061,,1
Q7881537,Umgeni River Bird Park,zoo,ZA,-29.8082,31.0167,http://www.umgeniriverbirdpark.co.za/,1
Q59551749,Munda Wanga Environmental Park,zoo,ZM,-15.5613,28.2718,,1
Q124451882,The Lost Chambers aquarium,aquarium,AE,25.1319,55.1184,,0
Q130478436,Am Schüttel,zoo,AT,48.2065,16.398,,0
Q141606010,Bribie Island Butterfly House,zoo,AU,-27.0799,153.179,,0
Q21929398,Cleland Wildlife Park,zoo,AU,-34.9672,138.6967,https://www.clelandwildlifepark.sa.gov.au/,0
Q60227907,Waratah Park,zoo,AU,-33.6762,151.177,,0
Q63087627,Parc a Gibier de Saint-Hubert,zoo,BE,50.0344,5.3663,https://wallux.com/le-coin-gourmand-saint-hubert,0
Q56695186,Zoológico do Município de São Bernardo do Campo,zoo,BR,-23.773,-46.5144,,0
Q137970396,Chimelong Spaceship,aquarium,CN,22.0972,113.536,,0
Q137571107,Kunming Zoo,zoo,CN,25.0566,102.7084,https://zhuanlan.zhihu.com/p/676250743,0
Q134992292,Taizhou Ocean World,aquarium,CN,28.6631,121.41,,0
Q137571140,Yunnan Wildlife Park,zoo,CN,25.099,102.7776,https://zhuanlan.zhihu.com/p/650307809,0
Q125954443,Butterfly Conservatory,zoo,CR,10.4238,-84.7527,,0
Q141188929,Monteverde Butterfly Gardens,zoo,CR,10.31,-84.8199,https://www.monteverdebutterflygardens.com/,0
Q126883523,Mazotos Camel Park,zoo,CY,34.8001,33.5075,,0
Q108545050,Farmapark Muchomůrka,zoo,CZ,50.63,15.8073,http://www.farmapark-muchomurka.cz/,0
Q64174987,Filmtier-Park,zoo,DE,52.7012,10.266,http://filmtierpark.de/,0
Q136243548,Hirschgarten,zoo,DE,51.3643,12.6382,,0
Q98493797,Ménagerie Dörfchen; In den Hohen Tannen in Aschaffenburg,zoo,DE,49.9565,9.1011,,0
Q98740586,Ménagerie Zuccalistraße 28 in München,zoo,DE,48.1547,11.4997,,0
Q124056632,Tier- und Naturfreunde Schwanenteich,zoo,DE,50.5489,7.2283,https://tierfreunde-schwanenteich.de/,0
Q98629590,Tiergarten Am Tiergarten 28 in Nürnberg,zoo,DE,49.4502,11.1392,,0
Q134425513,Tiergehege am Goldenen Stern,zoo,DE,50.8755,13.2068,,0
Q67201866,Wildpark Schollbrunn,zoo,DE,49.8344,9.4532,https://www.schollbrunn.de/freizeit-tourismus/wildpark/,0
Q98740653,Zoo Schlichtweg 11 in München,zoo,DE,48.0944,11.5522,,0
Q98740649,Zoo Siebenbrunner Straße 6 in München,zoo,DE,48.0982,11.5576,,0
Q98740652,Zoo Siebenbrunner Straße 6 in München,zoo,DE,48.0971,11.5566,,0
Q107209057,Aquarium Tropical de Djibouti,aquarium,DJ,11.595,43.1481,,0
Q125677168,Aquarium du Cap d'Agde,aquarium,FR,43.276,3.5127,,0
Q123376465,Aquashow Audierne,aquarium,FR,48.0283,-4.5354,,0
Q3003136,Croc Parc,zoo,FR,-21.2683,55.3526,https://croc-parc.re/,0
Q120499999,Donjon des aigles,zoo,FR,42.9722,-0.0599,,0
Q16645059,Exotic Garden and Zoo of Sanary-Bandol,zoo,FR,43.1471,5.7743,https://www.zoaparc.com/,0
Q131337568,Le Jardin des Bêtes,zoo,FR,44.3936,2.6912,https://www.jardindesbetes.fr/,0
Q3457123,Réserve de Beaumarchais,zoo,FR,47.5244,0.9906,,0
Q56754439,Amazonia,zoo,GB,55.7999,-4.0399,http://www.discoveramazonia.co.uk/,0
Q108064800,Macduff Marine Aquarium,aquarium,GB,57.6719,-2.494,https://www.macduff-aquarium.org.uk/,0
Q56838202,Manor Farm Park and Woodland,zoo,GB,52.8242,-1.1701,https://www.manorfarm.info/,0
Q139564439,Pettitts Adventure Park,zoo,GB,52.5667,1.5784,https://www.pettittsadventurepark.co.uk/,0
Q96278587,The Menagerie Approximately 45 Metres to West of Burton Constable Hall,zoo,GB,53.8129,-0.204,,0
Q124025918,Dubrovnik Aquarium,aquarium,HR,42.6398,18.1124,,0
Q136031635,Lembang Park & Zoo,zoo,ID,-6.804,107.5908,,0
Q136446602,Suraloka Interactive Zoo,zoo,ID,-7.6075,110.4211,https://suralokazoo.com/,0
Q69535915,"Ostrich Farm, Saifai, Etawah",zoo,IN,26.9624,78.9575,,0
Q73006194,acquario di Mezzani,aquarium,IT,44.9145,10.4732,,0
Q66092198,Falconry of Kenya,zoo,KE,-3.2059,40.1172,,0
Q107455617,Rungna Dolphinarium,aquarium,KP,39.0387,125.7644,,0
Q137534657,The Pig Museum,zoo,KR,37.0858,127.584,https://blog.naver.com/dreamfarm_/223494271310,0
Q125961779,Lemur Island,zoo,MG,-18.889,48.4305,,0
Q95708949,Firefly Valley Leisure Park,zoo,MY,1.7031,103.9135,,0
Q109342221,Audu Bako Zoo,zoo,NG,11.9672,8.5261,,0
Q109342315,Imo State Zoological Garden,zoo,NG,5.4566,7.0287,,0
Q135420902,Makurdi Zoo,zoo,NG,7.7306,8.562,,0
Q108927358,OOPL wildlife park,zoo,NG,7.1257,3.3628,,0
Q112064170,Zoological Garden Jos,zoo,NG,9.9149,8.8851,,0
Q135092039,Island Bay Marine Education Centre,aquarium,NZ,-41.3443,174.7744,https://octopus.org.nz/,0
Q99675884,National Kiwi Centre,aquarium,NZ,-42.7169,170.9635,https://thenationalkiwicentre.co.nz,0
Q20021951,Great National Aquarium,aquarium,PE,-12.0909,-77.0886,,0
Q58061574,Baja Wildlife Park,zoo,PK,34.1049,72.5349,,0
Q50435441,Dolphinarium,aquarium,RU,43.5904,39.7155,http://delfin-riviera.ru/,0
Q30188290,Dolphinarium in Rostov-on-Don,aquarium,RU,47.2084,39.6259,http://delfinary-rostov.ru/,0
Q127282577,Okeanarium in Lazorevskoe,aquarium,RU,43.9175,39.3187,,0
Q123002567,Phuket Aquarium,aquarium,TH,7.8036,98.4079,,0
Q123162540,Tiger Kingdom Phuket,zoo,TH,7.9071,98.3301,,0
Q97321288,Sahara Zoo,zoo,TN,33.8961,8.1355,,0
Q124156607,Aikman Wildlife Adventure,zoo,US,39.6713,-88.3886,,0
Q30099919,Luna Park Zoo,zoo,US,34.0698,-118.1985,,0
Q126919382,Miami Beach Aquarium,aquarium,US,25.7751,-80.1414,,0
Q80498212,Monterey Zoo,zoo,US,36.5941,-121.6259,https://montereyzoo.org/,0
Q101516319,Taylor Creek Stream Profile Chamber,aquarium,US,38.9343,-120.0557,,0
Q83968833,UGA Marine Education Center and Aquarium,aquarium,US,31.9884,-81.024,https://gacoast.uga.edu/uga-aquarium/visit-us/,0
Q131412803,Giraffe House,zoo,ZA,-33.8291,18.7991,,0
Q127425278,Natal Lion Park,zoo,ZA,-29.6458,30.5304,,0
